"","cbsa_code","metro_name","fips"
"1","10100","Aberdeen, SD","46013"
"2","10100","Aberdeen, SD","46045"
"3","10140","Aberdeen, WA","53027"
"4","10180","Abilene, TX","48059"
"5","10180","Abilene, TX","48253"
"6","10180","Abilene, TX","48441"
"7","10220","Ada, OK","40123"
"8","10300","Adrian, MI","26091"
"9","10380","Aguadilla-Isabela, PR","72003"
"10","10380","Aguadilla-Isabela, PR","72005"
"11","10380","Aguadilla-Isabela, PR","72011"
"12","10380","Aguadilla-Isabela, PR","72071"
"13","10380","Aguadilla-Isabela, PR","72081"
"14","10380","Aguadilla-Isabela, PR","72099"
"15","10380","Aguadilla-Isabela, PR","72117"
"16","10380","Aguadilla-Isabela, PR","72131"
"17","10380","Aguadilla-Isabela, PR","72141"
"18","10420","Akron, OH","39133"
"19","10420","Akron, OH","39153"
"20","10460","Alamogordo, NM","35035"
"21","10500","Albany, GA","13095"
"22","10500","Albany, GA","13177"
"23","10500","Albany, GA","13273"
"24","10500","Albany, GA","13321"
"25","10540","Albany-Lebanon, OR","41043"
"26","10580","Albany-Schenectady-Troy, NY","36001"
"27","10580","Albany-Schenectady-Troy, NY","36083"
"28","10580","Albany-Schenectady-Troy, NY","36091"
"29","10580","Albany-Schenectady-Troy, NY","36093"
"30","10580","Albany-Schenectady-Troy, NY","36095"
"31","10620","Albemarle, NC","37167"
"32","10660","Albert Lea, MN","27047"
"33","10700","Albertville, AL","01095"
"34","10740","Albuquerque, NM","35001"
"35","10740","Albuquerque, NM","35043"
"36","10740","Albuquerque, NM","35057"
"37","10740","Albuquerque, NM","35061"
"38","10760","Alexander City, AL","01037"
"39","10760","Alexander City, AL","01123"
"40","10780","Alexandria, LA","22043"
"41","10780","Alexandria, LA","22079"
"42","10820","Alexandria, MN","27041"
"43","10860","Alice, TX","48131"
"44","10860","Alice, TX","48249"
"45","10900","Allentown-Bethlehem-Easton, PA-NJ","34041"
"46","10900","Allentown-Bethlehem-Easton, PA-NJ","42025"
"47","10900","Allentown-Bethlehem-Easton, PA-NJ","42077"
"48","10900","Allentown-Bethlehem-Easton, PA-NJ","42095"
"49","10940","Alma, MI","26057"
"50","10980","Alpena, MI","26007"
"51","11020","Altoona, PA","42013"
"52","11060","Altus, OK","40065"
"53","11100","Amarillo, TX","48011"
"54","11100","Amarillo, TX","48065"
"55","11100","Amarillo, TX","48359"
"56","11100","Amarillo, TX","48375"
"57","11100","Amarillo, TX","48381"
"58","11140","Americus, GA","13249"
"59","11140","Americus, GA","13261"
"60","11180","Ames, IA","19015"
"61","11180","Ames, IA","19169"
"62","11220","Amsterdam, NY","36057"
"63","11260","Anchorage, AK","02020"
"64","11260","Anchorage, AK","02170"
"65","11380","Andrews, TX","48003"
"66","11420","Angola, IN","18151"
"67","11460","Ann Arbor, MI","26161"
"68","11500","Anniston-Oxford, AL","01015"
"69","11540","Appleton, WI","55015"
"70","11540","Appleton, WI","55087"
"71","11580","Arcadia, FL","12027"
"72","11620","Ardmore, OK","40019"
"73","11620","Ardmore, OK","40085"
"74","11640","Arecibo, PR","72013"
"75","11640","Arecibo, PR","72027"
"76","11640","Arecibo, PR","72065"
"77","11640","Arecibo, PR","72115"
"78","11660","Arkadelphia, AR","05019"
"79","11700","Asheville, NC","37021"
"80","11700","Asheville, NC","37087"
"81","11700","Asheville, NC","37089"
"82","11700","Asheville, NC","37115"
"83","11740","Ashland, OH","39005"
"84","11780","Ashtabula, OH","39007"
"85","11820","Astoria, OR","41007"
"86","11860","Atchison, KS","20005"
"87","11900","Athens, OH","39009"
"88","11940","Athens, TN","47107"
"89","11980","Athens, TX","48213"
"90","12020","Athens-Clarke County, GA","13059"
"91","12020","Athens-Clarke County, GA","13195"
"92","12020","Athens-Clarke County, GA","13219"
"93","12020","Athens-Clarke County, GA","13221"
"94","12060","Atlanta-Sandy Springs-Alpharetta, GA","13013"
"95","12060","Atlanta-Sandy Springs-Alpharetta, GA","13015"
"96","12060","Atlanta-Sandy Springs-Alpharetta, GA","13035"
"97","12060","Atlanta-Sandy Springs-Alpharetta, GA","13045"
"98","12060","Atlanta-Sandy Springs-Alpharetta, GA","13057"
"99","12060","Atlanta-Sandy Springs-Alpharetta, GA","13063"
"100","12060","Atlanta-Sandy Springs-Alpharetta, GA","13067"
"101","12060","Atlanta-Sandy Springs-Alpharetta, GA","13077"
"102","12060","Atlanta-Sandy Springs-Alpharetta, GA","13085"
"103","12060","Atlanta-Sandy Springs-Alpharetta, GA","13089"
"104","12060","Atlanta-Sandy Springs-Alpharetta, GA","13097"
"105","12060","Atlanta-Sandy Springs-Alpharetta, GA","13113"
"106","12060","Atlanta-Sandy Springs-Alpharetta, GA","13117"
"107","12060","Atlanta-Sandy Springs-Alpharetta, GA","13121"
"108","12060","Atlanta-Sandy Springs-Alpharetta, GA","13135"
"109","12060","Atlanta-Sandy Springs-Alpharetta, GA","13143"
"110","12060","Atlanta-Sandy Springs-Alpharetta, GA","13149"
"111","12060","Atlanta-Sandy Springs-Alpharetta, GA","13151"
"112","12060","Atlanta-Sandy Springs-Alpharetta, GA","13159"
"113","12060","Atlanta-Sandy Springs-Alpharetta, GA","13171"
"114","12060","Atlanta-Sandy Springs-Alpharetta, GA","13199"
"115","12060","Atlanta-Sandy Springs-Alpharetta, GA","13211"
"116","12060","Atlanta-Sandy Springs-Alpharetta, GA","13217"
"117","12060","Atlanta-Sandy Springs-Alpharetta, GA","13223"
"118","12060","Atlanta-Sandy Springs-Alpharetta, GA","13227"
"119","12060","Atlanta-Sandy Springs-Alpharetta, GA","13231"
"120","12060","Atlanta-Sandy Springs-Alpharetta, GA","13247"
"121","12060","Atlanta-Sandy Springs-Alpharetta, GA","13255"
"122","12060","Atlanta-Sandy Springs-Alpharetta, GA","13297"
"123","12100","Atlantic City-Hammonton, NJ","34001"
"124","12120","Atmore, AL","01053"
"125","12140","Auburn, IN","18033"
"126","12180","Auburn, NY","36011"
"127","12220","Auburn-Opelika, AL","01081"
"128","12260","Augusta-Richmond County, GA-SC","13033"
"129","12260","Augusta-Richmond County, GA-SC","13073"
"130","12260","Augusta-Richmond County, GA-SC","13181"
"131","12260","Augusta-Richmond County, GA-SC","13189"
"132","12260","Augusta-Richmond County, GA-SC","13245"
"133","12260","Augusta-Richmond County, GA-SC","45003"
"134","12260","Augusta-Richmond County, GA-SC","45037"
"135","12300","Augusta-Waterville, ME","23011"
"136","12380","Austin, MN","27099"
"137","12420","Austin-Round Rock-Georgetown, TX","48021"
"138","12420","Austin-Round Rock-Georgetown, TX","48055"
"139","12420","Austin-Round Rock-Georgetown, TX","48209"
"140","12420","Austin-Round Rock-Georgetown, TX","48453"
"141","12420","Austin-Round Rock-Georgetown, TX","48491"
"142","12460","Bainbridge, GA","13087"
"143","12540","Bakersfield, CA","06029"
"144","12580","Baltimore-Columbia-Towson, MD","24003"
"145","12580","Baltimore-Columbia-Towson, MD","24005"
"146","12580","Baltimore-Columbia-Towson, MD","24013"
"147","12580","Baltimore-Columbia-Towson, MD","24025"
"148","12580","Baltimore-Columbia-Towson, MD","24027"
"149","12580","Baltimore-Columbia-Towson, MD","24035"
"150","12580","Baltimore-Columbia-Towson, MD","24510"
"151","12620","Bangor, ME","23019"
"152","12660","Baraboo, WI","55111"
"153","12680","Bardstown, KY","21179"
"154","12700","Barnstable Town, MA","25001"
"155","12740","Barre, VT","50023"
"156","12780","Bartlesville, OK","40147"
"157","12860","Batavia, NY","36037"
"158","12900","Batesville, AR","05063"
"159","12900","Batesville, AR","05135"
"160","12940","Baton Rouge, LA","22005"
"161","12940","Baton Rouge, LA","22007"
"162","12940","Baton Rouge, LA","22033"
"163","12940","Baton Rouge, LA","22037"
"164","12940","Baton Rouge, LA","22047"
"165","12940","Baton Rouge, LA","22063"
"166","12940","Baton Rouge, LA","22077"
"167","12940","Baton Rouge, LA","22091"
"168","12940","Baton Rouge, LA","22121"
"169","12940","Baton Rouge, LA","22125"
"170","12980","Battle Creek, MI","26025"
"171","13020","Bay City, MI","26017"
"172","13060","Bay City, TX","48321"
"173","13100","Beatrice, NE","31067"
"174","13140","Beaumont-Port Arthur, TX","48199"
"175","13140","Beaumont-Port Arthur, TX","48245"
"176","13140","Beaumont-Port Arthur, TX","48361"
"177","13180","Beaver Dam, WI","55027"
"178","13220","Beckley, WV","54019"
"179","13220","Beckley, WV","54081"
"180","13260","Bedford, IN","18093"
"181","13300","Beeville, TX","48025"
"182","13340","Bellefontaine, OH","39091"
"183","13380","Bellingham, WA","53073"
"184","13420","Bemidji, MN","27007"
"185","13460","Bend, OR","41017"
"186","13500","Bennettsville, SC","45069"
"187","13540","Bennington, VT","50003"
"188","13620","Berlin, NH","33007"
"189","13660","Big Rapids, MI","26107"
"190","13700","Big Spring, TX","48227"
"191","13720","Big Stone Gap, VA","51195"
"192","13720","Big Stone Gap, VA","51720"
"193","13740","Billings, MT","30009"
"194","13740","Billings, MT","30095"
"195","13740","Billings, MT","30111"
"196","13780","Binghamton, NY","36007"
"197","13780","Binghamton, NY","36107"
"198","13820","Birmingham-Hoover, AL","01007"
"199","13820","Birmingham-Hoover, AL","01009"
"200","13820","Birmingham-Hoover, AL","01021"
"201","13820","Birmingham-Hoover, AL","01073"
"202","13820","Birmingham-Hoover, AL","01115"
"203","13820","Birmingham-Hoover, AL","01117"
"204","13900","Bismarck, ND","38015"
"205","13900","Bismarck, ND","38059"
"206","13900","Bismarck, ND","38065"
"207","13940","Blackfoot, ID","16011"
"208","13980","Blacksburg-Christiansburg, VA","51071"
"209","13980","Blacksburg-Christiansburg, VA","51121"
"210","13980","Blacksburg-Christiansburg, VA","51155"
"211","13980","Blacksburg-Christiansburg, VA","51750"
"212","14010","Bloomington, IL","17113"
"213","14020","Bloomington, IN","18105"
"214","14020","Bloomington, IN","18119"
"215","14100","Bloomsburg-Berwick, PA","42037"
"216","14100","Bloomsburg-Berwick, PA","42093"
"217","14140","Bluefield, WV-VA","51021"
"218","14140","Bluefield, WV-VA","51185"
"219","14140","Bluefield, WV-VA","54055"
"220","14160","Bluffton, IN","18179"
"221","14180","Blytheville, AR","05093"
"222","14220","Bogalusa, LA","22117"
"223","14260","Boise City, ID","16001"
"224","14260","Boise City, ID","16015"
"225","14260","Boise City, ID","16027"
"226","14260","Boise City, ID","16045"
"227","14260","Boise City, ID","16073"
"228","14300","Bonham, TX","48147"
"229","14380","Boone, NC","37189"
"230","14420","Borger, TX","48233"
"231","14460","Boston-Cambridge-Newton, MA-NH","25021"
"232","14460","Boston-Cambridge-Newton, MA-NH","25023"
"233","14460","Boston-Cambridge-Newton, MA-NH","25025"
"234","14460","Boston-Cambridge-Newton, MA-NH","25009"
"235","14460","Boston-Cambridge-Newton, MA-NH","25017"
"236","14460","Boston-Cambridge-Newton, MA-NH","33015"
"237","14460","Boston-Cambridge-Newton, MA-NH","33017"
"238","14500","Boulder, CO","08013"
"239","14540","Bowling Green, KY","21003"
"240","14540","Bowling Green, KY","21031"
"241","14540","Bowling Green, KY","21061"
"242","14540","Bowling Green, KY","21227"
"243","14580","Bozeman, MT","30031"
"244","14620","Bradford, PA","42083"
"245","14660","Brainerd, MN","27021"
"246","14660","Brainerd, MN","27035"
"247","14700","Branson, MO","29213"
"248","14720","Breckenridge, CO","08117"
"249","14740","Bremerton-Silverdale-Port Orchard, WA","53035"
"250","14780","Brenham, TX","48477"
"251","14820","Brevard, NC","37175"
"252","14860","Bridgeport-Stamford-Norwalk, CT","09001"
"253","15020","Brookhaven, MS","28085"
"254","15060","Brookings, OR","41015"
"255","15100","Brookings, SD","46011"
"256","15140","Brownsville, TN","47075"
"257","15180","Brownsville-Harlingen, TX","48061"
"258","15220","Brownwood, TX","48049"
"259","15260","Brunswick, GA","13025"
"260","15260","Brunswick, GA","13127"
"261","15260","Brunswick, GA","13191"
"262","15340","Bucyrus-Galion, OH","39033"
"263","15380","Buffalo-Cheektowaga, NY","36029"
"264","15380","Buffalo-Cheektowaga, NY","36063"
"265","15420","Burley, ID","16031"
"266","15420","Burley, ID","16067"
"267","15460","Burlington, IA-IL","17071"
"268","15460","Burlington, IA-IL","19057"
"269","15500","Burlington, NC","37001"
"270","15540","Burlington-South Burlington, VT","50007"
"271","15540","Burlington-South Burlington, VT","50011"
"272","15540","Burlington-South Burlington, VT","50013"
"273","15580","Butte-Silver Bow, MT","30093"
"274","15620","Cadillac, MI","26113"
"275","15620","Cadillac, MI","26165"
"276","15660","Calhoun, GA","13129"
"277","15680","California-Lexington Park, MD","24037"
"278","15700","Cambridge, MD","24019"
"279","15740","Cambridge, OH","39059"
"280","15780","Camden, AR","05013"
"281","15780","Camden, AR","05103"
"282","15820","Campbellsville, KY","21087"
"283","15820","Campbellsville, KY","21217"
"284","15860","Cañon City, CO","08043"
"285","15940","Canton-Massillon, OH","39019"
"286","15940","Canton-Massillon, OH","39151"
"287","15980","Cape Coral-Fort Myers, FL","12071"
"288","16020","Cape Girardeau, MO-IL","17003"
"289","16020","Cape Girardeau, MO-IL","29017"
"290","16020","Cape Girardeau, MO-IL","29031"
"291","16060","Carbondale-Marion, IL","17077"
"292","16060","Carbondale-Marion, IL","17087"
"293","16060","Carbondale-Marion, IL","17199"
"294","16100","Carlsbad-Artesia, NM","35015"
"295","16140","Carroll, IA","19027"
"296","16180","Carson City, NV","32510"
"297","16220","Casper, WY","56025"
"298","16260","Cedar City, UT","49021"
"299","16300","Cedar Rapids, IA","19011"
"300","16300","Cedar Rapids, IA","19105"
"301","16300","Cedar Rapids, IA","19113"
"302","16340","Cedartown, GA","13233"
"303","16380","Celina, OH","39107"
"304","16420","Central City, KY","21177"
"305","16460","Centralia, IL","17121"
"306","16500","Centralia, WA","53041"
"307","16540","Chambersburg-Waynesboro, PA","42055"
"308","16580","Champaign-Urbana, IL","17019"
"309","16580","Champaign-Urbana, IL","17147"
"310","16620","Charleston, WV","54005"
"311","16620","Charleston, WV","54015"
"312","16620","Charleston, WV","54035"
"313","16620","Charleston, WV","54039"
"314","16620","Charleston, WV","54043"
"315","16660","Charleston-Mattoon, IL","17029"
"316","16660","Charleston-Mattoon, IL","17035"
"317","16700","Charleston-North Charleston, SC","45015"
"318","16700","Charleston-North Charleston, SC","45019"
"319","16700","Charleston-North Charleston, SC","45035"
"320","16740","Charlotte-Concord-Gastonia, NC-SC","37007"
"321","16740","Charlotte-Concord-Gastonia, NC-SC","37025"
"322","16740","Charlotte-Concord-Gastonia, NC-SC","37071"
"323","16740","Charlotte-Concord-Gastonia, NC-SC","37097"
"324","16740","Charlotte-Concord-Gastonia, NC-SC","37109"
"325","16740","Charlotte-Concord-Gastonia, NC-SC","37119"
"326","16740","Charlotte-Concord-Gastonia, NC-SC","37159"
"327","16740","Charlotte-Concord-Gastonia, NC-SC","37179"
"328","16740","Charlotte-Concord-Gastonia, NC-SC","45023"
"329","16740","Charlotte-Concord-Gastonia, NC-SC","45057"
"330","16740","Charlotte-Concord-Gastonia, NC-SC","45091"
"331","16820","Charlottesville, VA","51003"
"332","16820","Charlottesville, VA","51065"
"333","16820","Charlottesville, VA","51079"
"334","16820","Charlottesville, VA","51125"
"335","16820","Charlottesville, VA","51540"
"336","16860","Chattanooga, TN-GA","13047"
"337","16860","Chattanooga, TN-GA","13083"
"338","16860","Chattanooga, TN-GA","13295"
"339","16860","Chattanooga, TN-GA","47065"
"340","16860","Chattanooga, TN-GA","47115"
"341","16860","Chattanooga, TN-GA","47153"
"342","16940","Cheyenne, WY","56021"
"343","16980","Chicago-Naperville-Elgin, IL-IN-WI","17031"
"344","16980","Chicago-Naperville-Elgin, IL-IN-WI","17043"
"345","16980","Chicago-Naperville-Elgin, IL-IN-WI","17063"
"346","16980","Chicago-Naperville-Elgin, IL-IN-WI","17111"
"347","16980","Chicago-Naperville-Elgin, IL-IN-WI","17197"
"348","16980","Chicago-Naperville-Elgin, IL-IN-WI","17037"
"349","16980","Chicago-Naperville-Elgin, IL-IN-WI","17089"
"350","16980","Chicago-Naperville-Elgin, IL-IN-WI","17093"
"351","16980","Chicago-Naperville-Elgin, IL-IN-WI","18073"
"352","16980","Chicago-Naperville-Elgin, IL-IN-WI","18089"
"353","16980","Chicago-Naperville-Elgin, IL-IN-WI","18111"
"354","16980","Chicago-Naperville-Elgin, IL-IN-WI","18127"
"355","16980","Chicago-Naperville-Elgin, IL-IN-WI","17097"
"356","16980","Chicago-Naperville-Elgin, IL-IN-WI","55059"
"357","17020","Chico, CA","06007"
"358","17060","Chillicothe, OH","39141"
"359","17140","Cincinnati, OH-KY-IN","18029"
"360","17140","Cincinnati, OH-KY-IN","18047"
"361","17140","Cincinnati, OH-KY-IN","18115"
"362","17140","Cincinnati, OH-KY-IN","18161"
"363","17140","Cincinnati, OH-KY-IN","21015"
"364","17140","Cincinnati, OH-KY-IN","21023"
"365","17140","Cincinnati, OH-KY-IN","21037"
"366","17140","Cincinnati, OH-KY-IN","21077"
"367","17140","Cincinnati, OH-KY-IN","21081"
"368","17140","Cincinnati, OH-KY-IN","21117"
"369","17140","Cincinnati, OH-KY-IN","21191"
"370","17140","Cincinnati, OH-KY-IN","39015"
"371","17140","Cincinnati, OH-KY-IN","39017"
"372","17140","Cincinnati, OH-KY-IN","39025"
"373","17140","Cincinnati, OH-KY-IN","39061"
"374","17140","Cincinnati, OH-KY-IN","39165"
"375","17220","Clarksburg, WV","54017"
"376","17220","Clarksburg, WV","54033"
"377","17220","Clarksburg, WV","54091"
"378","17260","Clarksdale, MS","28027"
"379","17300","Clarksville, TN-KY","21047"
"380","17300","Clarksville, TN-KY","21221"
"381","17300","Clarksville, TN-KY","47125"
"382","17300","Clarksville, TN-KY","47161"
"383","17340","Clearlake, CA","06033"
"384","17380","Cleveland, MS","28011"
"385","17420","Cleveland, TN","47011"
"386","17420","Cleveland, TN","47139"
"387","17460","Cleveland-Elyria, OH","39035"
"388","17460","Cleveland-Elyria, OH","39055"
"389","17460","Cleveland-Elyria, OH","39085"
"390","17460","Cleveland-Elyria, OH","39093"
"391","17460","Cleveland-Elyria, OH","39103"
"392","17500","Clewiston, FL","12051"
"393","17540","Clinton, IA","19045"
"394","17580","Clovis, NM","35009"
"395","17620","Coamo, PR","72043"
"396","17640","Coco, PR","72123"
"397","17660","Coeur d'Alene, ID","16055"
"398","17700","Coffeyville, KS","20125"
"399","17740","Coldwater, MI","26023"
"400","17780","College Station-Bryan, TX","48041"
"401","17780","College Station-Bryan, TX","48051"
"402","17780","College Station-Bryan, TX","48395"
"403","17820","Colorado Springs, CO","08041"
"404","17820","Colorado Springs, CO","08119"
"405","17860","Columbia, MO","29019"
"406","17860","Columbia, MO","29053"
"407","17860","Columbia, MO","29089"
"408","17900","Columbia, SC","45017"
"409","17900","Columbia, SC","45039"
"410","17900","Columbia, SC","45055"
"411","17900","Columbia, SC","45063"
"412","17900","Columbia, SC","45079"
"413","17900","Columbia, SC","45081"
"414","17980","Columbus, GA-AL","01113"
"415","17980","Columbus, GA-AL","13053"
"416","17980","Columbus, GA-AL","13145"
"417","17980","Columbus, GA-AL","13197"
"418","17980","Columbus, GA-AL","13215"
"419","17980","Columbus, GA-AL","13259"
"420","17980","Columbus, GA-AL","13263"
"421","18020","Columbus, IN","18005"
"422","18060","Columbus, MS","28087"
"423","18100","Columbus, NE","31141"
"424","18140","Columbus, OH","39041"
"425","18140","Columbus, OH","39045"
"426","18140","Columbus, OH","39049"
"427","18140","Columbus, OH","39073"
"428","18140","Columbus, OH","39089"
"429","18140","Columbus, OH","39097"
"430","18140","Columbus, OH","39117"
"431","18140","Columbus, OH","39127"
"432","18140","Columbus, OH","39129"
"433","18140","Columbus, OH","39159"
"434","18180","Concord, NH","33013"
"435","18220","Connersville, IN","18041"
"436","18260","Cookeville, TN","47087"
"437","18260","Cookeville, TN","47133"
"438","18260","Cookeville, TN","47141"
"439","18300","Coos Bay, OR","41011"
"440","18380","Cordele, GA","13081"
"441","18420","Corinth, MS","28003"
"442","18460","Cornelia, GA","13137"
"443","18500","Corning, NY","36101"
"444","18580","Corpus Christi, TX","48355"
"445","18580","Corpus Christi, TX","48409"
"446","18620","Corsicana, TX","48349"
"447","18660","Cortland, NY","36023"
"448","18700","Corvallis, OR","41003"
"449","18740","Coshocton, OH","39031"
"450","18780","Craig, CO","08081"
"451","18820","Crawfordsville, IN","18107"
"452","18860","Crescent City, CA","06015"
"453","18880","Crestview-Fort Walton Beach-Destin, FL","12091"
"454","18880","Crestview-Fort Walton Beach-Destin, FL","12131"
"455","18900","Crossville, TN","47035"
"456","18980","Cullman, AL","01043"
"457","19000","Cullowhee, NC","37099"
"458","19000","Cullowhee, NC","37173"
"459","19060","Cumberland, MD-WV","24001"
"460","19060","Cumberland, MD-WV","54057"
"461","19100","Dallas-Fort Worth-Arlington, TX","48085"
"462","19100","Dallas-Fort Worth-Arlington, TX","48113"
"463","19100","Dallas-Fort Worth-Arlington, TX","48121"
"464","19100","Dallas-Fort Worth-Arlington, TX","48139"
"465","19100","Dallas-Fort Worth-Arlington, TX","48231"
"466","19100","Dallas-Fort Worth-Arlington, TX","48257"
"467","19100","Dallas-Fort Worth-Arlington, TX","48397"
"468","19100","Dallas-Fort Worth-Arlington, TX","48251"
"469","19100","Dallas-Fort Worth-Arlington, TX","48367"
"470","19100","Dallas-Fort Worth-Arlington, TX","48439"
"471","19100","Dallas-Fort Worth-Arlington, TX","48497"
"472","19140","Dalton, GA","13213"
"473","19140","Dalton, GA","13313"
"474","19180","Danville, IL","17183"
"475","19220","Danville, KY","21021"
"476","19220","Danville, KY","21137"
"477","19260","Danville, VA","51143"
"478","19260","Danville, VA","51590"
"479","19300","Daphne-Fairhope-Foley, AL","01003"
"480","19340","Davenport-Moline-Rock Island, IA-IL","17073"
"481","19340","Davenport-Moline-Rock Island, IA-IL","17131"
"482","19340","Davenport-Moline-Rock Island, IA-IL","17161"
"483","19340","Davenport-Moline-Rock Island, IA-IL","19163"
"484","19420","Dayton, TN","47143"
"485","19430","Dayton-Kettering, OH","39057"
"486","19430","Dayton-Kettering, OH","39109"
"487","19430","Dayton-Kettering, OH","39113"
"488","19460","Decatur, AL","01079"
"489","19460","Decatur, AL","01103"
"490","19500","Decatur, IL","17115"
"491","19540","Decatur, IN","18001"
"492","19580","Defiance, OH","39039"
"493","19620","Del Rio, TX","48465"
"494","19660","Deltona-Daytona Beach-Ormond Beach, FL","12035"
"495","19660","Deltona-Daytona Beach-Ormond Beach, FL","12127"
"496","19700","Deming, NM","35029"
"497","19740","Denver-Aurora-Lakewood, CO","08001"
"498","19740","Denver-Aurora-Lakewood, CO","08005"
"499","19740","Denver-Aurora-Lakewood, CO","08014"
"500","19740","Denver-Aurora-Lakewood, CO","08019"
"501","19740","Denver-Aurora-Lakewood, CO","08031"
"502","19740","Denver-Aurora-Lakewood, CO","08035"
"503","19740","Denver-Aurora-Lakewood, CO","08039"
"504","19740","Denver-Aurora-Lakewood, CO","08047"
"505","19740","Denver-Aurora-Lakewood, CO","08059"
"506","19740","Denver-Aurora-Lakewood, CO","08093"
"507","19760","DeRidder, LA","22011"
"508","19780","Des Moines-West Des Moines, IA","19049"
"509","19780","Des Moines-West Des Moines, IA","19077"
"510","19780","Des Moines-West Des Moines, IA","19099"
"511","19780","Des Moines-West Des Moines, IA","19121"
"512","19780","Des Moines-West Des Moines, IA","19153"
"513","19780","Des Moines-West Des Moines, IA","19181"
"514","19820","Detroit-Warren-Dearborn, MI","26163"
"515","19820","Detroit-Warren-Dearborn, MI","26087"
"516","19820","Detroit-Warren-Dearborn, MI","26093"
"517","19820","Detroit-Warren-Dearborn, MI","26099"
"518","19820","Detroit-Warren-Dearborn, MI","26125"
"519","19820","Detroit-Warren-Dearborn, MI","26147"
"520","19860","Dickinson, ND","38007"
"521","19860","Dickinson, ND","38089"
"522","19940","Dixon, IL","17103"
"523","19980","Dodge City, KS","20057"
"524","20020","Dothan, AL","01061"
"525","20020","Dothan, AL","01067"
"526","20020","Dothan, AL","01069"
"527","20060","Douglas, GA","13003"
"528","20060","Douglas, GA","13069"
"529","20100","Dover, DE","10001"
"530","20140","Dublin, GA","13167"
"531","20140","Dublin, GA","13175"
"532","20140","Dublin, GA","13283"
"533","20180","DuBois, PA","42033"
"534","20220","Dubuque, IA","19061"
"535","20260","Duluth, MN-WI","27017"
"536","20260","Duluth, MN-WI","27075"
"537","20260","Duluth, MN-WI","27137"
"538","20260","Duluth, MN-WI","55031"
"539","20300","Dumas, TX","48341"
"540","20340","Duncan, OK","40137"
"541","20420","Durango, CO","08067"
"542","20460","Durant, OK","40013"
"543","20500","Durham-Chapel Hill, NC","37037"
"544","20500","Durham-Chapel Hill, NC","37063"
"545","20500","Durham-Chapel Hill, NC","37077"
"546","20500","Durham-Chapel Hill, NC","37135"
"547","20500","Durham-Chapel Hill, NC","37145"
"548","20540","Dyersburg, TN","47045"
"549","20580","Eagle Pass, TX","48323"
"550","20660","Easton, MD","24041"
"551","20700","East Stroudsburg, PA","42089"
"552","20740","Eau Claire, WI","55017"
"553","20740","Eau Claire, WI","55035"
"554","20780","Edwards, CO","08037"
"555","20820","Effingham, IL","17049"
"556","20900","El Campo, TX","48481"
"557","20940","El Centro, CA","06025"
"558","20980","El Dorado, AR","05139"
"559","21020","Elizabeth City, NC","37139"
"560","21020","Elizabeth City, NC","37143"
"561","21060","Elizabethtown-Fort Knox, KY","21093"
"562","21060","Elizabethtown-Fort Knox, KY","21123"
"563","21060","Elizabethtown-Fort Knox, KY","21163"
"564","21120","Elk City, OK","40009"
"565","21140","Elkhart-Goshen, IN","18039"
"566","21180","Elkins, WV","54083"
"567","21220","Elko, NV","32007"
"568","21220","Elko, NV","32011"
"569","21260","Ellensburg, WA","53037"
"570","21300","Elmira, NY","36015"
"571","21340","El Paso, TX","48141"
"572","21340","El Paso, TX","48229"
"573","21380","Emporia, KS","20017"
"574","21380","Emporia, KS","20111"
"575","21420","Enid, OK","40047"
"576","21460","Enterprise, AL","01031"
"577","21500","Erie, PA","42049"
"578","21540","Escanaba, MI","26041"
"579","21580","Española, NM","35039"
"580","21640","Eufaula, AL-GA","01005"
"581","21640","Eufaula, AL-GA","13239"
"582","21660","Eugene-Springfield, OR","41039"
"583","21700","Eureka-Arcata, CA","06023"
"584","21740","Evanston, WY","56041"
"585","21780","Evansville, IN-KY","18129"
"586","21780","Evansville, IN-KY","18163"
"587","21780","Evansville, IN-KY","18173"
"588","21780","Evansville, IN-KY","21101"
"589","21820","Fairbanks, AK","02090"
"590","21840","Fairfield, IA","19101"
"591","21860","Fairmont, MN","27091"
"592","21900","Fairmont, WV","54049"
"593","21980","Fallon, NV","32001"
"594","22020","Fargo, ND-MN","27027"
"595","22020","Fargo, ND-MN","38017"
"596","22060","Faribault-Northfield, MN","27131"
"597","22100","Farmington, MO","29187"
"598","22140","Farmington, NM","35045"
"599","22180","Fayetteville, NC","37051"
"600","22180","Fayetteville, NC","37085"
"601","22180","Fayetteville, NC","37093"
"602","22220","Fayetteville-Springdale-Rogers, AR","05007"
"603","22220","Fayetteville-Springdale-Rogers, AR","05087"
"604","22220","Fayetteville-Springdale-Rogers, AR","05143"
"605","22260","Fergus Falls, MN","27111"
"606","22280","Fernley, NV","32019"
"607","22300","Findlay, OH","39063"
"608","22340","Fitzgerald, GA","13017"
"609","22380","Flagstaff, AZ","04005"
"610","22420","Flint, MI","26049"
"611","22500","Florence, SC","45031"
"612","22500","Florence, SC","45041"
"613","22520","Florence-Muscle Shoals, AL","01033"
"614","22520","Florence-Muscle Shoals, AL","01077"
"615","22540","Fond du Lac, WI","55039"
"616","22580","Forest City, NC","37161"
"617","22620","Forrest City, AR","05123"
"618","22660","Fort Collins, CO","08069"
"619","22700","Fort Dodge, IA","19187"
"620","22780","Fort Leonard Wood, MO","29169"
"621","22800","Fort Madison-Keokuk, IA-IL-MO","17067"
"622","22800","Fort Madison-Keokuk, IA-IL-MO","19111"
"623","22800","Fort Madison-Keokuk, IA-IL-MO","29045"
"624","22820","Fort Morgan, CO","08087"
"625","22840","Fort Payne, AL","01049"
"626","22860","Fort Polk South, LA","22115"
"627","22900","Fort Smith, AR-OK","05033"
"628","22900","Fort Smith, AR-OK","05047"
"629","22900","Fort Smith, AR-OK","05131"
"630","22900","Fort Smith, AR-OK","40135"
"631","23060","Fort Wayne, IN","18003"
"632","23060","Fort Wayne, IN","18183"
"633","23140","Frankfort, IN","18023"
"634","23180","Frankfort, KY","21005"
"635","23180","Frankfort, KY","21073"
"636","23240","Fredericksburg, TX","48171"
"637","23300","Freeport, IL","17177"
"638","23340","Fremont, NE","31053"
"639","23380","Fremont, OH","39143"
"640","23420","Fresno, CA","06019"
"641","23460","Gadsden, AL","01055"
"642","23500","Gaffney, SC","45021"
"643","23540","Gainesville, FL","12001"
"644","23540","Gainesville, FL","12041"
"645","23540","Gainesville, FL","12075"
"646","23580","Gainesville, GA","13139"
"647","23620","Gainesville, TX","48097"
"648","23660","Galesburg, IL","17095"
"649","23700","Gallup, NM","35031"
"650","23780","Garden City, KS","20055"
"651","23780","Garden City, KS","20093"
"652","23820","Gardnerville Ranchos, NV","32005"
"653","23860","Georgetown, SC","45043"
"654","23900","Gettysburg, PA","42001"
"655","23940","Gillette, WY","56005"
"656","23940","Gillette, WY","56011"
"657","23940","Gillette, WY","56045"
"658","23980","Glasgow, KY","21009"
"659","23980","Glasgow, KY","21169"
"660","24020","Glens Falls, NY","36113"
"661","24020","Glens Falls, NY","36115"
"662","24060","Glenwood Springs, CO","08045"
"663","24060","Glenwood Springs, CO","08097"
"664","24100","Gloversville, NY","36035"
"665","24140","Goldsboro, NC","37191"
"666","24180","Granbury, TX","48221"
"667","24220","Grand Forks, ND-MN","27119"
"668","24220","Grand Forks, ND-MN","38035"
"669","24260","Grand Island, NE","31079"
"670","24260","Grand Island, NE","31093"
"671","24260","Grand Island, NE","31121"
"672","24300","Grand Junction, CO","08077"
"673","24330","Grand Rapids, MN","27061"
"674","24340","Grand Rapids-Kentwood, MI","26067"
"675","24340","Grand Rapids-Kentwood, MI","26081"
"676","24340","Grand Rapids-Kentwood, MI","26117"
"677","24340","Grand Rapids-Kentwood, MI","26139"
"678","24380","Grants, NM","35006"
"679","24420","Grants Pass, OR","41033"
"680","24460","Great Bend, KS","20009"
"681","24500","Great Falls, MT","30013"
"682","24540","Greeley, CO","08123"
"683","24580","Green Bay, WI","55009"
"684","24580","Green Bay, WI","55061"
"685","24580","Green Bay, WI","55083"
"686","24620","Greeneville, TN","47059"
"687","24660","Greensboro-High Point, NC","37081"
"688","24660","Greensboro-High Point, NC","37151"
"689","24660","Greensboro-High Point, NC","37157"
"690","24700","Greensburg, IN","18031"
"691","24740","Greenville, MS","28151"
"692","24780","Greenville, NC","37147"
"693","24820","Greenville, OH","39037"
"694","24860","Greenville-Anderson, SC","45007"
"695","24860","Greenville-Anderson, SC","45045"
"696","24860","Greenville-Anderson, SC","45059"
"697","24860","Greenville-Anderson, SC","45077"
"698","24900","Greenwood, MS","28015"
"699","24900","Greenwood, MS","28083"
"700","24940","Greenwood, SC","45047"
"701","24980","Grenada, MS","28043"
"702","25020","Guayama, PR","72015"
"703","25020","Guayama, PR","72057"
"704","25020","Guayama, PR","72109"
"705","25060","Gulfport-Biloxi, MS","28045"
"706","25060","Gulfport-Biloxi, MS","28047"
"707","25060","Gulfport-Biloxi, MS","28059"
"708","25060","Gulfport-Biloxi, MS","28131"
"709","25100","Guymon, OK","40139"
"710","25180","Hagerstown-Martinsburg, MD-WV","24043"
"711","25180","Hagerstown-Martinsburg, MD-WV","54003"
"712","25180","Hagerstown-Martinsburg, MD-WV","54065"
"713","25200","Hailey, ID","16013"
"714","25200","Hailey, ID","16025"
"715","25220","Hammond, LA","22105"
"716","25260","Hanford-Corcoran, CA","06031"
"717","25300","Hannibal, MO","29127"
"718","25300","Hannibal, MO","29173"
"719","25420","Harrisburg-Carlisle, PA","42041"
"720","25420","Harrisburg-Carlisle, PA","42043"
"721","25420","Harrisburg-Carlisle, PA","42099"
"722","25460","Harrison, AR","05009"
"723","25460","Harrison, AR","05101"
"724","25500","Harrisonburg, VA","51165"
"725","25500","Harrisonburg, VA","51660"
"726","25540","Hartford-East Hartford-Middletown, CT","09003"
"727","25540","Hartford-East Hartford-Middletown, CT","09007"
"728","25540","Hartford-East Hartford-Middletown, CT","09013"
"729","25580","Hastings, NE","31001"
"730","25620","Hattiesburg, MS","28031"
"731","25620","Hattiesburg, MS","28035"
"732","25620","Hattiesburg, MS","28073"
"733","25620","Hattiesburg, MS","28111"
"734","25700","Hays, KS","20051"
"735","25720","Heber, UT","49043"
"736","25720","Heber, UT","49051"
"737","25740","Helena, MT","30043"
"738","25740","Helena, MT","30049"
"739","25760","Helena-West Helena, AR","05107"
"740","25780","Henderson, NC","37181"
"741","25820","Hereford, TX","48117"
"742","25840","Hermiston-Pendleton, OR","41049"
"743","25840","Hermiston-Pendleton, OR","41059"
"744","25860","Hickory-Lenoir-Morganton, NC","37003"
"745","25860","Hickory-Lenoir-Morganton, NC","37023"
"746","25860","Hickory-Lenoir-Morganton, NC","37027"
"747","25860","Hickory-Lenoir-Morganton, NC","37035"
"748","25880","Hillsdale, MI","26059"
"749","25900","Hilo, HI","15001"
"750","25940","Hilton Head Island-Bluffton, SC","45013"
"751","25940","Hilton Head Island-Bluffton, SC","45053"
"752","25980","Hinesville, GA","13179"
"753","25980","Hinesville, GA","13183"
"754","26020","Hobbs, NM","35025"
"755","26090","Holland, MI","26005"
"756","26140","Homosassa Springs, FL","12017"
"757","26220","Hood River, OR","41027"
"758","26260","Hope, AR","05057"
"759","26260","Hope, AR","05099"
"760","26300","Hot Springs, AR","05051"
"761","26340","Houghton, MI","26061"
"762","26340","Houghton, MI","26083"
"763","26380","Houma-Thibodaux, LA","22057"
"764","26380","Houma-Thibodaux, LA","22109"
"765","26420","Houston-The Woodlands-Sugar Land, TX","48015"
"766","26420","Houston-The Woodlands-Sugar Land, TX","48039"
"767","26420","Houston-The Woodlands-Sugar Land, TX","48071"
"768","26420","Houston-The Woodlands-Sugar Land, TX","48157"
"769","26420","Houston-The Woodlands-Sugar Land, TX","48167"
"770","26420","Houston-The Woodlands-Sugar Land, TX","48201"
"771","26420","Houston-The Woodlands-Sugar Land, TX","48291"
"772","26420","Houston-The Woodlands-Sugar Land, TX","48339"
"773","26420","Houston-The Woodlands-Sugar Land, TX","48473"
"774","26460","Hudson, NY","36021"
"775","26500","Huntingdon, PA","42061"
"776","26540","Huntington, IN","18069"
"777","26580","Huntington-Ashland, WV-KY-OH","21019"
"778","26580","Huntington-Ashland, WV-KY-OH","21043"
"779","26580","Huntington-Ashland, WV-KY-OH","21089"
"780","26580","Huntington-Ashland, WV-KY-OH","39087"
"781","26580","Huntington-Ashland, WV-KY-OH","54011"
"782","26580","Huntington-Ashland, WV-KY-OH","54079"
"783","26580","Huntington-Ashland, WV-KY-OH","54099"
"784","26620","Huntsville, AL","01083"
"785","26620","Huntsville, AL","01089"
"786","26660","Huntsville, TX","48471"
"787","26700","Huron, SD","46005"
"788","26700","Huron, SD","46073"
"789","26740","Hutchinson, KS","20155"
"790","26780","Hutchinson, MN","27085"
"791","26820","Idaho Falls, ID","16019"
"792","26820","Idaho Falls, ID","16023"
"793","26820","Idaho Falls, ID","16051"
"794","26860","Indiana, PA","42063"
"795","26900","Indianapolis-Carmel-Anderson, IN","18011"
"796","26900","Indianapolis-Carmel-Anderson, IN","18013"
"797","26900","Indianapolis-Carmel-Anderson, IN","18057"
"798","26900","Indianapolis-Carmel-Anderson, IN","18059"
"799","26900","Indianapolis-Carmel-Anderson, IN","18063"
"800","26900","Indianapolis-Carmel-Anderson, IN","18081"
"801","26900","Indianapolis-Carmel-Anderson, IN","18095"
"802","26900","Indianapolis-Carmel-Anderson, IN","18097"
"803","26900","Indianapolis-Carmel-Anderson, IN","18109"
"804","26900","Indianapolis-Carmel-Anderson, IN","18133"
"805","26900","Indianapolis-Carmel-Anderson, IN","18145"
"806","26940","Indianola, MS","28133"
"807","26980","Iowa City, IA","19103"
"808","26980","Iowa City, IA","19183"
"809","27020","Iron Mountain, MI-WI","26043"
"810","27020","Iron Mountain, MI-WI","55037"
"811","27060","Ithaca, NY","36109"
"812","27100","Jackson, MI","26075"
"813","27140","Jackson, MS","28029"
"814","27140","Jackson, MS","28049"
"815","27140","Jackson, MS","28051"
"816","27140","Jackson, MS","28089"
"817","27140","Jackson, MS","28121"
"818","27140","Jackson, MS","28127"
"819","27140","Jackson, MS","28163"
"820","27160","Jackson, OH","39079"
"821","27180","Jackson, TN","47023"
"822","27180","Jackson, TN","47033"
"823","27180","Jackson, TN","47053"
"824","27180","Jackson, TN","47113"
"825","27220","Jackson, WY-ID","16081"
"826","27220","Jackson, WY-ID","56039"
"827","27260","Jacksonville, FL","12003"
"828","27260","Jacksonville, FL","12019"
"829","27260","Jacksonville, FL","12031"
"830","27260","Jacksonville, FL","12089"
"831","27260","Jacksonville, FL","12109"
"832","27300","Jacksonville, IL","17137"
"833","27300","Jacksonville, IL","17171"
"834","27340","Jacksonville, NC","37133"
"835","27380","Jacksonville, TX","48073"
"836","27420","Jamestown, ND","38093"
"837","27460","Jamestown-Dunkirk-Fredonia, NY","36013"
"838","27500","Janesville-Beloit, WI","55105"
"839","27530","Jasper, AL","01127"
"840","27540","Jasper, IN","18037"
"841","27540","Jasper, IN","18125"
"842","27580","Jayuya, PR","72073"
"843","27600","Jefferson, GA","13157"
"844","27620","Jefferson City, MO","29027"
"845","27620","Jefferson City, MO","29051"
"846","27620","Jefferson City, MO","29135"
"847","27620","Jefferson City, MO","29151"
"848","27660","Jennings, LA","22053"
"849","27700","Jesup, GA","13305"
"850","27740","Johnson City, TN","47019"
"851","27740","Johnson City, TN","47171"
"852","27740","Johnson City, TN","47179"
"853","27780","Johnstown, PA","42021"
"854","27860","Jonesboro, AR","05031"
"855","27860","Jonesboro, AR","05111"
"856","27900","Joplin, MO","29097"
"857","27900","Joplin, MO","29145"
"858","27940","Juneau, AK","02110"
"859","27980","Kahului-Wailuku-Lahaina, HI","15009"
"860","28020","Kalamazoo-Portage, MI","26077"
"861","28060","Kalispell, MT","30029"
"862","28100","Kankakee, IL","17091"
"863","28140","Kansas City, MO-KS","20091"
"864","28140","Kansas City, MO-KS","20103"
"865","28140","Kansas City, MO-KS","20107"
"866","28140","Kansas City, MO-KS","20121"
"867","28140","Kansas City, MO-KS","20209"
"868","28140","Kansas City, MO-KS","29013"
"869","28140","Kansas City, MO-KS","29025"
"870","28140","Kansas City, MO-KS","29037"
"871","28140","Kansas City, MO-KS","29047"
"872","28140","Kansas City, MO-KS","29049"
"873","28140","Kansas City, MO-KS","29095"
"874","28140","Kansas City, MO-KS","29107"
"875","28140","Kansas City, MO-KS","29165"
"876","28140","Kansas City, MO-KS","29177"
"877","28180","Kapaa, HI","15007"
"878","28260","Kearney, NE","31019"
"879","28260","Kearney, NE","31099"
"880","28300","Keene, NH","33005"
"881","28340","Kendallville, IN","18113"
"882","28380","Kennett, MO","29069"
"883","28420","Kennewick-Richland, WA","53005"
"884","28420","Kennewick-Richland, WA","53021"
"885","28500","Kerrville, TX","48265"
"886","28540","Ketchikan, AK","02130"
"887","28580","Key West, FL","12087"
"888","28620","Kill Devil Hills, NC","37055"
"889","28660","Killeen-Temple, TX","48027"
"890","28660","Killeen-Temple, TX","48099"
"891","28660","Killeen-Temple, TX","48281"
"892","28700","Kingsport-Bristol, TN-VA","47073"
"893","28700","Kingsport-Bristol, TN-VA","47163"
"894","28700","Kingsport-Bristol, TN-VA","51169"
"895","28700","Kingsport-Bristol, TN-VA","51191"
"896","28700","Kingsport-Bristol, TN-VA","51520"
"897","28740","Kingston, NY","36111"
"898","28780","Kingsville, TX","48261"
"899","28780","Kingsville, TX","48273"
"900","28820","Kinston, NC","37107"
"901","28860","Kirksville, MO","29001"
"902","28860","Kirksville, MO","29197"
"903","28900","Klamath Falls, OR","41035"
"904","28940","Knoxville, TN","47001"
"905","28940","Knoxville, TN","47009"
"906","28940","Knoxville, TN","47013"
"907","28940","Knoxville, TN","47093"
"908","28940","Knoxville, TN","47105"
"909","28940","Knoxville, TN","47129"
"910","28940","Knoxville, TN","47145"
"911","28940","Knoxville, TN","47173"
"912","29020","Kokomo, IN","18067"
"913","29060","Laconia, NH","33001"
"914","29100","La Crosse-Onalaska, WI-MN","27055"
"915","29100","La Crosse-Onalaska, WI-MN","55063"
"916","29180","Lafayette, LA","22001"
"917","29180","Lafayette, LA","22045"
"918","29180","Lafayette, LA","22055"
"919","29180","Lafayette, LA","22099"
"920","29180","Lafayette, LA","22113"
"921","29200","Lafayette-West Lafayette, IN","18007"
"922","29200","Lafayette-West Lafayette, IN","18015"
"923","29200","Lafayette-West Lafayette, IN","18157"
"924","29200","Lafayette-West Lafayette, IN","18171"
"925","29260","La Grande, OR","41061"
"926","29300","LaGrange, GA-AL","01017"
"927","29300","LaGrange, GA-AL","13285"
"928","29340","Lake Charles, LA","22019"
"929","29340","Lake Charles, LA","22023"
"930","29380","Lake City, FL","12023"
"931","29420","Lake Havasu City-Kingman, AZ","04015"
"932","29460","Lakeland-Winter Haven, FL","12105"
"933","29500","Lamesa, TX","48115"
"934","29540","Lancaster, PA","42071"
"935","29620","Lansing-East Lansing, MI","26037"
"936","29620","Lansing-East Lansing, MI","26045"
"937","29620","Lansing-East Lansing, MI","26065"
"938","29620","Lansing-East Lansing, MI","26155"
"939","29660","Laramie, WY","56001"
"940","29700","Laredo, TX","48479"
"941","29740","Las Cruces, NM","35013"
"942","29780","Las Vegas, NM","35033"
"943","29780","Las Vegas, NM","35047"
"944","29820","Las Vegas-Henderson-Paradise, NV","32003"
"945","29860","Laurel, MS","28061"
"946","29860","Laurel, MS","28067"
"947","29900","Laurinburg, NC","37165"
"948","29940","Lawrence, KS","20045"
"949","29980","Lawrenceburg, TN","47099"
"950","30020","Lawton, OK","40031"
"951","30020","Lawton, OK","40033"
"952","30060","Lebanon, MO","29105"
"953","30100","Lebanon, NH-VT","33009"
"954","30100","Lebanon, NH-VT","33019"
"955","30100","Lebanon, NH-VT","50017"
"956","30100","Lebanon, NH-VT","50027"
"957","30140","Lebanon, PA","42075"
"958","30220","Levelland, TX","48219"
"959","30260","Lewisburg, PA","42119"
"960","30280","Lewisburg, TN","47117"
"961","30300","Lewiston, ID-WA","16069"
"962","30300","Lewiston, ID-WA","53003"
"963","30340","Lewiston-Auburn, ME","23001"
"964","30380","Lewistown, PA","42087"
"965","30420","Lexington, NE","31047"
"966","30420","Lexington, NE","31073"
"967","30460","Lexington-Fayette, KY","21017"
"968","30460","Lexington-Fayette, KY","21049"
"969","30460","Lexington-Fayette, KY","21067"
"970","30460","Lexington-Fayette, KY","21113"
"971","30460","Lexington-Fayette, KY","21209"
"972","30460","Lexington-Fayette, KY","21239"
"973","30580","Liberal, KS","20175"
"974","30620","Lima, OH","39003"
"975","30660","Lincoln, IL","17107"
"976","30700","Lincoln, NE","31109"
"977","30700","Lincoln, NE","31159"
"978","30780","Little Rock-North Little Rock-Conway, AR","05045"
"979","30780","Little Rock-North Little Rock-Conway, AR","05053"
"980","30780","Little Rock-North Little Rock-Conway, AR","05085"
"981","30780","Little Rock-North Little Rock-Conway, AR","05105"
"982","30780","Little Rock-North Little Rock-Conway, AR","05119"
"983","30780","Little Rock-North Little Rock-Conway, AR","05125"
"984","30820","Lock Haven, PA","42035"
"985","30860","Logan, UT-ID","16041"
"986","30860","Logan, UT-ID","49005"
"987","30900","Logansport, IN","18017"
"988","30940","London, KY","21051"
"989","30940","London, KY","21121"
"990","30940","London, KY","21125"
"991","30940","London, KY","21235"
"992","30980","Longview, TX","48183"
"993","30980","Longview, TX","48203"
"994","30980","Longview, TX","48401"
"995","30980","Longview, TX","48459"
"996","31020","Longview, WA","53015"
"997","31060","Los Alamos, NM","35028"
"998","31080","Los Angeles-Long Beach-Anaheim, CA","06059"
"999","31080","Los Angeles-Long Beach-Anaheim, CA","06037"
"1000","31140","Louisville/Jefferson County, KY-IN","18019"
"1001","31140","Louisville/Jefferson County, KY-IN","18043"
"1002","31140","Louisville/Jefferson County, KY-IN","18061"
"1003","31140","Louisville/Jefferson County, KY-IN","18175"
"1004","31140","Louisville/Jefferson County, KY-IN","21029"
"1005","31140","Louisville/Jefferson County, KY-IN","21103"
"1006","31140","Louisville/Jefferson County, KY-IN","21111"
"1007","31140","Louisville/Jefferson County, KY-IN","21185"
"1008","31140","Louisville/Jefferson County, KY-IN","21211"
"1009","31140","Louisville/Jefferson County, KY-IN","21215"
"1010","31180","Lubbock, TX","48107"
"1011","31180","Lubbock, TX","48303"
"1012","31180","Lubbock, TX","48305"
"1013","31220","Ludington, MI","26105"
"1014","31260","Lufkin, TX","48005"
"1015","31300","Lumberton, NC","37155"
"1016","31340","Lynchburg, VA","51009"
"1017","31340","Lynchburg, VA","51011"
"1018","31340","Lynchburg, VA","51019"
"1019","31340","Lynchburg, VA","51031"
"1020","31340","Lynchburg, VA","51680"
"1021","31380","Macomb, IL","17109"
"1022","31420","Macon-Bibb County, GA","13021"
"1023","31420","Macon-Bibb County, GA","13079"
"1024","31420","Macon-Bibb County, GA","13169"
"1025","31420","Macon-Bibb County, GA","13207"
"1026","31420","Macon-Bibb County, GA","13289"
"1027","31460","Madera, CA","06039"
"1028","31500","Madison, IN","18077"
"1029","31540","Madison, WI","55021"
"1030","31540","Madison, WI","55025"
"1031","31540","Madison, WI","55045"
"1032","31540","Madison, WI","55049"
"1033","31580","Madisonville, KY","21107"
"1034","31620","Magnolia, AR","05027"
"1035","31660","Malone, NY","36033"
"1036","31680","Malvern, AR","05059"
"1037","31700","Manchester-Nashua, NH","33011"
"1038","31740","Manhattan, KS","20061"
"1039","31740","Manhattan, KS","20149"
"1040","31740","Manhattan, KS","20161"
"1041","31820","Manitowoc, WI","55071"
"1042","31860","Mankato, MN","27013"
"1043","31860","Mankato, MN","27103"
"1044","31900","Mansfield, OH","39139"
"1045","31930","Marietta, OH","39167"
"1046","31940","Marinette, WI-MI","26109"
"1047","31940","Marinette, WI-MI","55075"
"1048","31980","Marion, IN","18053"
"1049","32000","Marion, NC","37111"
"1050","32020","Marion, OH","39101"
"1051","32100","Marquette, MI","26103"
"1052","32140","Marshall, MN","27083"
"1053","32180","Marshall, MO","29195"
"1054","32260","Marshalltown, IA","19127"
"1055","32280","Martin, TN","47183"
"1056","32300","Martinsville, VA","51089"
"1057","32300","Martinsville, VA","51690"
"1058","32340","Maryville, MO","29147"
"1059","32380","Mason City, IA","19033"
"1060","32380","Mason City, IA","19195"
"1061","32420","Mayagüez, PR","72067"
"1062","32420","Mayagüez, PR","72083"
"1063","32420","Mayagüez, PR","72097"
"1064","32460","Mayfield, KY","21083"
"1065","32500","Maysville, KY","21161"
"1066","32540","McAlester, OK","40121"
"1067","32580","McAllen-Edinburg-Mission, TX","48215"
"1068","32620","McComb, MS","28113"
"1069","32660","McMinnville, TN","47177"
"1070","32700","McPherson, KS","20113"
"1071","32740","Meadville, PA","42039"
"1072","32780","Medford, OR","41029"
"1073","32820","Memphis, TN-MS-AR","05035"
"1074","32820","Memphis, TN-MS-AR","28033"
"1075","32820","Memphis, TN-MS-AR","28093"
"1076","32820","Memphis, TN-MS-AR","28137"
"1077","32820","Memphis, TN-MS-AR","28143"
"1078","32820","Memphis, TN-MS-AR","47047"
"1079","32820","Memphis, TN-MS-AR","47157"
"1080","32820","Memphis, TN-MS-AR","47167"
"1081","32860","Menomonie, WI","55033"
"1082","32900","Merced, CA","06047"
"1083","32940","Meridian, MS","28023"
"1084","32940","Meridian, MS","28069"
"1085","32940","Meridian, MS","28075"
"1086","33020","Mexico, MO","29007"
"1087","33060","Miami, OK","40115"
"1088","33100","Miami-Fort Lauderdale-Pompano Beach, FL","12011"
"1089","33100","Miami-Fort Lauderdale-Pompano Beach, FL","12086"
"1090","33100","Miami-Fort Lauderdale-Pompano Beach, FL","12099"
"1091","33140","Michigan City-La Porte, IN","18091"
"1092","33180","Middlesborough, KY","21013"
"1093","33220","Midland, MI","26111"
"1094","33260","Midland, TX","48317"
"1095","33260","Midland, TX","48329"
"1096","33300","Milledgeville, GA","13009"
"1097","33300","Milledgeville, GA","13141"
"1098","33340","Milwaukee-Waukesha, WI","55079"
"1099","33340","Milwaukee-Waukesha, WI","55089"
"1100","33340","Milwaukee-Waukesha, WI","55131"
"1101","33340","Milwaukee-Waukesha, WI","55133"
"1102","33380","Minden, LA","22119"
"1103","33420","Mineral Wells, TX","48363"
"1104","33460","Minneapolis-St. Paul-Bloomington, MN-WI","27003"
"1105","33460","Minneapolis-St. Paul-Bloomington, MN-WI","27019"
"1106","33460","Minneapolis-St. Paul-Bloomington, MN-WI","27025"
"1107","33460","Minneapolis-St. Paul-Bloomington, MN-WI","27037"
"1108","33460","Minneapolis-St. Paul-Bloomington, MN-WI","27053"
"1109","33460","Minneapolis-St. Paul-Bloomington, MN-WI","27059"
"1110","33460","Minneapolis-St. Paul-Bloomington, MN-WI","27079"
"1111","33460","Minneapolis-St. Paul-Bloomington, MN-WI","27095"
"1112","33460","Minneapolis-St. Paul-Bloomington, MN-WI","27123"
"1113","33460","Minneapolis-St. Paul-Bloomington, MN-WI","27139"
"1114","33460","Minneapolis-St. Paul-Bloomington, MN-WI","27141"
"1115","33460","Minneapolis-St. Paul-Bloomington, MN-WI","27163"
"1116","33460","Minneapolis-St. Paul-Bloomington, MN-WI","27171"
"1117","33460","Minneapolis-St. Paul-Bloomington, MN-WI","55093"
"1118","33460","Minneapolis-St. Paul-Bloomington, MN-WI","55109"
"1119","33500","Minot, ND","38049"
"1120","33500","Minot, ND","38075"
"1121","33500","Minot, ND","38101"
"1122","33540","Missoula, MT","30063"
"1123","33580","Mitchell, SD","46035"
"1124","33580","Mitchell, SD","46061"
"1125","33620","Moberly, MO","29175"
"1126","33660","Mobile, AL","01097"
"1127","33660","Mobile, AL","01129"
"1128","33700","Modesto, CA","06099"
"1129","33740","Monroe, LA","22067"
"1130","33740","Monroe, LA","22073"
"1131","33740","Monroe, LA","22111"
"1132","33780","Monroe, MI","26115"
"1133","33860","Montgomery, AL","01001"
"1134","33860","Montgomery, AL","01051"
"1135","33860","Montgomery, AL","01085"
"1136","33860","Montgomery, AL","01101"
"1137","33940","Montrose, CO","08085"
"1138","33940","Montrose, CO","08091"
"1139","33980","Morehead City, NC","37031"
"1140","34020","Morgan City, LA","22101"
"1141","34060","Morgantown, WV","54061"
"1142","34060","Morgantown, WV","54077"
"1143","34100","Morristown, TN","47057"
"1144","34100","Morristown, TN","47063"
"1145","34100","Morristown, TN","47089"
"1146","34140","Moscow, ID","16057"
"1147","34180","Moses Lake, WA","53025"
"1148","34220","Moultrie, GA","13071"
"1149","34260","Mountain Home, AR","05005"
"1150","34300","Mountain Home, ID","16039"
"1151","34340","Mount Airy, NC","37171"
"1152","34350","Mount Gay-Shamrock, WV","54045"
"1153","34380","Mount Pleasant, MI","26073"
"1154","34420","Mount Pleasant, TX","48063"
"1155","34420","Mount Pleasant, TX","48449"
"1156","34460","Mount Sterling, KY","21011"
"1157","34460","Mount Sterling, KY","21165"
"1158","34460","Mount Sterling, KY","21173"
"1159","34500","Mount Vernon, IL","17081"
"1160","34540","Mount Vernon, OH","39083"
"1161","34580","Mount Vernon-Anacortes, WA","53057"
"1162","34620","Muncie, IN","18035"
"1163","34660","Murray, KY","21035"
"1164","34700","Muscatine, IA","19139"
"1165","34740","Muskegon, MI","26121"
"1166","34780","Muskogee, OK","40101"
"1167","34820","Myrtle Beach-Conway-North Myrtle Beach, SC-NC","37019"
"1168","34820","Myrtle Beach-Conway-North Myrtle Beach, SC-NC","45051"
"1169","34860","Nacogdoches, TX","48347"
"1170","34900","Napa, CA","06055"
"1171","34940","Naples-Marco Island, FL","12021"
"1172","34980","Nashville-Davidson--Murfreesboro--Franklin, TN","47015"
"1173","34980","Nashville-Davidson--Murfreesboro--Franklin, TN","47021"
"1174","34980","Nashville-Davidson--Murfreesboro--Franklin, TN","47037"
"1175","34980","Nashville-Davidson--Murfreesboro--Franklin, TN","47043"
"1176","34980","Nashville-Davidson--Murfreesboro--Franklin, TN","47111"
"1177","34980","Nashville-Davidson--Murfreesboro--Franklin, TN","47119"
"1178","34980","Nashville-Davidson--Murfreesboro--Franklin, TN","47147"
"1179","34980","Nashville-Davidson--Murfreesboro--Franklin, TN","47149"
"1180","34980","Nashville-Davidson--Murfreesboro--Franklin, TN","47159"
"1181","34980","Nashville-Davidson--Murfreesboro--Franklin, TN","47165"
"1182","34980","Nashville-Davidson--Murfreesboro--Franklin, TN","47169"
"1183","34980","Nashville-Davidson--Murfreesboro--Franklin, TN","47187"
"1184","34980","Nashville-Davidson--Murfreesboro--Franklin, TN","47189"
"1185","35020","Natchez, MS-LA","22029"
"1186","35020","Natchez, MS-LA","28001"
"1187","35060","Natchitoches, LA","22069"
"1188","35100","New Bern, NC","37049"
"1189","35100","New Bern, NC","37103"
"1190","35100","New Bern, NC","37137"
"1191","35140","Newberry, SC","45071"
"1192","35220","New Castle, IN","18065"
"1193","35260","New Castle, PA","42073"
"1194","35300","New Haven-Milford, CT","09009"
"1195","35380","New Orleans-Metairie, LA","22051"
"1196","35380","New Orleans-Metairie, LA","22071"
"1197","35380","New Orleans-Metairie, LA","22075"
"1198","35380","New Orleans-Metairie, LA","22087"
"1199","35380","New Orleans-Metairie, LA","22089"
"1200","35380","New Orleans-Metairie, LA","22093"
"1201","35380","New Orleans-Metairie, LA","22095"
"1202","35380","New Orleans-Metairie, LA","22103"
"1203","35420","New Philadelphia-Dover, OH","39157"
"1204","35440","Newport, OR","41041"
"1205","35460","Newport, TN","47029"
"1206","35580","New Ulm, MN","27015"
"1207","35620","New York-Newark-Jersey City, NY-NJ-PA","36059"
"1208","35620","New York-Newark-Jersey City, NY-NJ-PA","36103"
"1209","35620","New York-Newark-Jersey City, NY-NJ-PA","34013"
"1210","35620","New York-Newark-Jersey City, NY-NJ-PA","34019"
"1211","35620","New York-Newark-Jersey City, NY-NJ-PA","34027"
"1212","35620","New York-Newark-Jersey City, NY-NJ-PA","34037"
"1213","35620","New York-Newark-Jersey City, NY-NJ-PA","34039"
"1214","35620","New York-Newark-Jersey City, NY-NJ-PA","42103"
"1215","35620","New York-Newark-Jersey City, NY-NJ-PA","34023"
"1216","35620","New York-Newark-Jersey City, NY-NJ-PA","34025"
"1217","35620","New York-Newark-Jersey City, NY-NJ-PA","34029"
"1218","35620","New York-Newark-Jersey City, NY-NJ-PA","34035"
"1219","35620","New York-Newark-Jersey City, NY-NJ-PA","34003"
"1220","35620","New York-Newark-Jersey City, NY-NJ-PA","34017"
"1221","35620","New York-Newark-Jersey City, NY-NJ-PA","34031"
"1222","35620","New York-Newark-Jersey City, NY-NJ-PA","36005"
"1223","35620","New York-Newark-Jersey City, NY-NJ-PA","36047"
"1224","35620","New York-Newark-Jersey City, NY-NJ-PA","36061"
"1225","35620","New York-Newark-Jersey City, NY-NJ-PA","36079"
"1226","35620","New York-Newark-Jersey City, NY-NJ-PA","36081"
"1227","35620","New York-Newark-Jersey City, NY-NJ-PA","36085"
"1228","35620","New York-Newark-Jersey City, NY-NJ-PA","36087"
"1229","35620","New York-Newark-Jersey City, NY-NJ-PA","36119"
"1230","35660","Niles, MI","26021"
"1231","35700","Nogales, AZ","04023"
"1232","35740","Norfolk, NE","31119"
"1233","35740","Norfolk, NE","31139"
"1234","35740","Norfolk, NE","31167"
"1235","35820","North Platte, NE","31111"
"1236","35820","North Platte, NE","31113"
"1237","35820","North Platte, NE","31117"
"1238","35840","North Port-Sarasota-Bradenton, FL","12081"
"1239","35840","North Port-Sarasota-Bradenton, FL","12115"
"1240","35860","North Vernon, IN","18079"
"1241","35900","North Wilkesboro, NC","37193"
"1242","35940","Norwalk, OH","39077"
"1243","35980","Norwich-New London, CT","09011"
"1244","36020","Oak Harbor, WA","53029"
"1245","36100","Ocala, FL","12083"
"1246","36140","Ocean City, NJ","34009"
"1247","36220","Odessa, TX","48135"
"1248","36260","Ogden-Clearfield, UT","49003"
"1249","36260","Ogden-Clearfield, UT","49011"
"1250","36260","Ogden-Clearfield, UT","49029"
"1251","36260","Ogden-Clearfield, UT","49057"
"1252","36300","Ogdensburg-Massena, NY","36089"
"1253","36340","Oil City, PA","42121"
"1254","36380","Okeechobee, FL","12093"
"1255","36420","Oklahoma City, OK","40017"
"1256","36420","Oklahoma City, OK","40027"
"1257","36420","Oklahoma City, OK","40051"
"1258","36420","Oklahoma City, OK","40081"
"1259","36420","Oklahoma City, OK","40083"
"1260","36420","Oklahoma City, OK","40087"
"1261","36420","Oklahoma City, OK","40109"
"1262","36460","Olean, NY","36009"
"1263","36500","Olympia-Lacey-Tumwater, WA","53067"
"1264","36540","Omaha-Council Bluffs, NE-IA","19085"
"1265","36540","Omaha-Council Bluffs, NE-IA","19129"
"1266","36540","Omaha-Council Bluffs, NE-IA","19155"
"1267","36540","Omaha-Council Bluffs, NE-IA","31025"
"1268","36540","Omaha-Council Bluffs, NE-IA","31055"
"1269","36540","Omaha-Council Bluffs, NE-IA","31153"
"1270","36540","Omaha-Council Bluffs, NE-IA","31155"
"1271","36540","Omaha-Council Bluffs, NE-IA","31177"
"1272","36580","Oneonta, NY","36077"
"1273","36620","Ontario, OR-ID","16075"
"1274","36620","Ontario, OR-ID","41045"
"1275","36660","Opelousas, LA","22097"
"1276","36700","Orangeburg, SC","45075"
"1277","36740","Orlando-Kissimmee-Sanford, FL","12069"
"1278","36740","Orlando-Kissimmee-Sanford, FL","12095"
"1279","36740","Orlando-Kissimmee-Sanford, FL","12097"
"1280","36740","Orlando-Kissimmee-Sanford, FL","12117"
"1281","36780","Oshkosh-Neenah, WI","55139"
"1282","36820","Oskaloosa, IA","19123"
"1283","36830","Othello, WA","53001"
"1284","36837","Ottawa, IL","17011"
"1285","36837","Ottawa, IL","17099"
"1286","36837","Ottawa, IL","17155"
"1287","36840","Ottawa, KS","20059"
"1288","36900","Ottumwa, IA","19179"
"1289","36940","Owatonna, MN","27147"
"1290","36980","Owensboro, KY","21059"
"1291","36980","Owensboro, KY","21091"
"1292","36980","Owensboro, KY","21149"
"1293","37060","Oxford, MS","28071"
"1294","37100","Oxnard-Thousand Oaks-Ventura, CA","06111"
"1295","37120","Ozark, AL","01045"
"1296","37140","Paducah, KY-IL","17127"
"1297","37140","Paducah, KY-IL","21007"
"1298","37140","Paducah, KY-IL","21139"
"1299","37140","Paducah, KY-IL","21145"
"1300","37220","Pahrump, NV","32023"
"1301","37260","Palatka, FL","12107"
"1302","37300","Palestine, TX","48001"
"1303","37340","Palm Bay-Melbourne-Titusville, FL","12009"
"1304","37420","Pampa, TX","48179"
"1305","37420","Pampa, TX","48393"
"1306","37460","Panama City, FL","12005"
"1307","37500","Paragould, AR","05055"
"1308","37540","Paris, TN","47079"
"1309","37580","Paris, TX","48277"
"1310","37620","Parkersburg-Vienna, WV","54105"
"1311","37620","Parkersburg-Vienna, WV","54107"
"1312","37660","Parsons, KS","20099"
"1313","37740","Payson, AZ","04007"
"1314","37770","Pearsall, TX","48163"
"1315","37780","Pecos, TX","48301"
"1316","37780","Pecos, TX","48389"
"1317","37800","Pella, IA","19125"
"1318","37860","Pensacola-Ferry Pass-Brent, FL","12033"
"1319","37860","Pensacola-Ferry Pass-Brent, FL","12113"
"1320","37900","Peoria, IL","17057"
"1321","37900","Peoria, IL","17123"
"1322","37900","Peoria, IL","17143"
"1323","37900","Peoria, IL","17175"
"1324","37900","Peoria, IL","17179"
"1325","37900","Peoria, IL","17203"
"1326","37940","Peru, IN","18103"
"1327","37980","Philadelphia-Camden-Wilmington, PA-NJ-DE-MD","34005"
"1328","37980","Philadelphia-Camden-Wilmington, PA-NJ-DE-MD","34007"
"1329","37980","Philadelphia-Camden-Wilmington, PA-NJ-DE-MD","34015"
"1330","37980","Philadelphia-Camden-Wilmington, PA-NJ-DE-MD","42017"
"1331","37980","Philadelphia-Camden-Wilmington, PA-NJ-DE-MD","42029"
"1332","37980","Philadelphia-Camden-Wilmington, PA-NJ-DE-MD","42091"
"1333","37980","Philadelphia-Camden-Wilmington, PA-NJ-DE-MD","42045"
"1334","37980","Philadelphia-Camden-Wilmington, PA-NJ-DE-MD","42101"
"1335","37980","Philadelphia-Camden-Wilmington, PA-NJ-DE-MD","10003"
"1336","37980","Philadelphia-Camden-Wilmington, PA-NJ-DE-MD","24015"
"1337","37980","Philadelphia-Camden-Wilmington, PA-NJ-DE-MD","34033"
"1338","38060","Phoenix-Mesa-Chandler, AZ","04013"
"1339","38060","Phoenix-Mesa-Chandler, AZ","04021"
"1340","38100","Picayune, MS","28109"
"1341","38180","Pierre, SD","46065"
"1342","38180","Pierre, SD","46117"
"1343","38220","Pine Bluff, AR","05025"
"1344","38220","Pine Bluff, AR","05069"
"1345","38220","Pine Bluff, AR","05079"
"1346","38240","Pinehurst-Southern Pines, NC","37125"
"1347","38260","Pittsburg, KS","20037"
"1348","38300","Pittsburgh, PA","42003"
"1349","38300","Pittsburgh, PA","42005"
"1350","38300","Pittsburgh, PA","42007"
"1351","38300","Pittsburgh, PA","42019"
"1352","38300","Pittsburgh, PA","42051"
"1353","38300","Pittsburgh, PA","42125"
"1354","38300","Pittsburgh, PA","42129"
"1355","38340","Pittsfield, MA","25003"
"1356","38380","Plainview, TX","48189"
"1357","38420","Platteville, WI","55043"
"1358","38460","Plattsburgh, NY","36019"
"1359","38500","Plymouth, IN","18099"
"1360","38540","Pocatello, ID","16005"
"1361","38540","Pocatello, ID","16077"
"1362","38580","Point Pleasant, WV-OH","39053"
"1363","38580","Point Pleasant, WV-OH","54053"
"1364","38620","Ponca City, OK","40071"
"1365","38660","Ponce, PR","72001"
"1366","38660","Ponce, PR","72075"
"1367","38660","Ponce, PR","72113"
"1368","38660","Ponce, PR","72149"
"1369","38700","Pontiac, IL","17105"
"1370","38740","Poplar Bluff, MO","29023"
"1371","38740","Poplar Bluff, MO","29181"
"1372","38780","Portales, NM","35041"
"1373","38820","Port Angeles, WA","53009"
"1374","38860","Portland-South Portland, ME","23005"
"1375","38860","Portland-South Portland, ME","23023"
"1376","38860","Portland-South Portland, ME","23031"
"1377","38900","Portland-Vancouver-Hillsboro, OR-WA","41005"
"1378","38900","Portland-Vancouver-Hillsboro, OR-WA","41009"
"1379","38900","Portland-Vancouver-Hillsboro, OR-WA","41051"
"1380","38900","Portland-Vancouver-Hillsboro, OR-WA","41067"
"1381","38900","Portland-Vancouver-Hillsboro, OR-WA","41071"
"1382","38900","Portland-Vancouver-Hillsboro, OR-WA","53011"
"1383","38900","Portland-Vancouver-Hillsboro, OR-WA","53059"
"1384","38920","Port Lavaca, TX","48057"
"1385","38940","Port St. Lucie, FL","12085"
"1386","38940","Port St. Lucie, FL","12111"
"1387","39020","Portsmouth, OH","39145"
"1388","39060","Pottsville, PA","42107"
"1389","39100","Poughkeepsie-Newburgh-Middletown, NY","36027"
"1390","39100","Poughkeepsie-Newburgh-Middletown, NY","36071"
"1391","39150","Prescott Valley-Prescott, AZ","04025"
"1392","39220","Price, UT","49007"
"1393","39260","Prineville, OR","41013"
"1394","39300","Providence-Warwick, RI-MA","25005"
"1395","39300","Providence-Warwick, RI-MA","44001"
"1396","39300","Providence-Warwick, RI-MA","44003"
"1397","39300","Providence-Warwick, RI-MA","44005"
"1398","39300","Providence-Warwick, RI-MA","44007"
"1399","39300","Providence-Warwick, RI-MA","44009"
"1400","39340","Provo-Orem, UT","49023"
"1401","39340","Provo-Orem, UT","49049"
"1402","39380","Pueblo, CO","08101"
"1403","39420","Pullman, WA","53075"
"1404","39460","Punta Gorda, FL","12015"
"1405","39500","Quincy, IL-MO","17001"
"1406","39500","Quincy, IL-MO","29111"
"1407","39540","Racine, WI","55101"
"1408","39580","Raleigh-Cary, NC","37069"
"1409","39580","Raleigh-Cary, NC","37101"
"1410","39580","Raleigh-Cary, NC","37183"
"1411","39660","Rapid City, SD","46093"
"1412","39660","Rapid City, SD","46103"
"1413","39700","Raymondville, TX","48489"
"1414","39740","Reading, PA","42011"
"1415","39780","Red Bluff, CA","06103"
"1416","39820","Redding, CA","06089"
"1417","39860","Red Wing, MN","27049"
"1418","39900","Reno, NV","32029"
"1419","39900","Reno, NV","32031"
"1420","39940","Rexburg, ID","16043"
"1421","39940","Rexburg, ID","16065"
"1422","39980","Richmond, IN","18177"
"1423","40060","Richmond, VA","51007"
"1424","40060","Richmond, VA","51036"
"1425","40060","Richmond, VA","51041"
"1426","40060","Richmond, VA","51053"
"1427","40060","Richmond, VA","51075"
"1428","40060","Richmond, VA","51085"
"1429","40060","Richmond, VA","51087"
"1430","40060","Richmond, VA","51097"
"1431","40060","Richmond, VA","51101"
"1432","40060","Richmond, VA","51127"
"1433","40060","Richmond, VA","51145"
"1434","40060","Richmond, VA","51149"
"1435","40060","Richmond, VA","51183"
"1436","40060","Richmond, VA","51570"
"1437","40060","Richmond, VA","51670"
"1438","40060","Richmond, VA","51730"
"1439","40060","Richmond, VA","51760"
"1440","40080","Richmond-Berea, KY","21065"
"1441","40080","Richmond-Berea, KY","21151"
"1442","40100","Rio Grande City-Roma, TX","48427"
"1443","40140","Riverside-San Bernardino-Ontario, CA","06065"
"1444","40140","Riverside-San Bernardino-Ontario, CA","06071"
"1445","40180","Riverton, WY","56013"
"1446","40220","Roanoke, VA","51023"
"1447","40220","Roanoke, VA","51045"
"1448","40220","Roanoke, VA","51067"
"1449","40220","Roanoke, VA","51161"
"1450","40220","Roanoke, VA","51770"
"1451","40220","Roanoke, VA","51775"
"1452","40260","Roanoke Rapids, NC","37083"
"1453","40260","Roanoke Rapids, NC","37131"
"1454","40300","Rochelle, IL","17141"
"1455","40340","Rochester, MN","27039"
"1456","40340","Rochester, MN","27045"
"1457","40340","Rochester, MN","27109"
"1458","40340","Rochester, MN","27157"
"1459","40380","Rochester, NY","36051"
"1460","40380","Rochester, NY","36055"
"1461","40380","Rochester, NY","36069"
"1462","40380","Rochester, NY","36073"
"1463","40380","Rochester, NY","36117"
"1464","40380","Rochester, NY","36123"
"1465","40420","Rockford, IL","17007"
"1466","40420","Rockford, IL","17201"
"1467","40460","Rockingham, NC","37153"
"1468","40530","Rockport, TX","48007"
"1469","40540","Rock Springs, WY","56037"
"1470","40580","Rocky Mount, NC","37065"
"1471","40580","Rocky Mount, NC","37127"
"1472","40620","Rolla, MO","29161"
"1473","40660","Rome, GA","13115"
"1474","40700","Roseburg, OR","41019"
"1475","40740","Roswell, NM","35005"
"1476","40760","Ruidoso, NM","35027"
"1477","40780","Russellville, AR","05115"
"1478","40780","Russellville, AR","05149"
"1479","40820","Ruston, LA","22061"
"1480","40860","Rutland, VT","50021"
"1481","40900","Sacramento-Roseville-Folsom, CA","06017"
"1482","40900","Sacramento-Roseville-Folsom, CA","06061"
"1483","40900","Sacramento-Roseville-Folsom, CA","06067"
"1484","40900","Sacramento-Roseville-Folsom, CA","06113"
"1485","40940","Safford, AZ","04009"
"1486","40980","Saginaw, MI","26145"
"1487","41060","St. Cloud, MN","27009"
"1488","41060","St. Cloud, MN","27145"
"1489","41100","St. George, UT","49053"
"1490","41140","St. Joseph, MO-KS","20043"
"1491","41140","St. Joseph, MO-KS","29003"
"1492","41140","St. Joseph, MO-KS","29021"
"1493","41140","St. Joseph, MO-KS","29063"
"1494","41180","St. Louis, MO-IL","17005"
"1495","41180","St. Louis, MO-IL","17013"
"1496","41180","St. Louis, MO-IL","17027"
"1497","41180","St. Louis, MO-IL","17083"
"1498","41180","St. Louis, MO-IL","17117"
"1499","41180","St. Louis, MO-IL","17119"
"1500","41180","St. Louis, MO-IL","17133"
"1501","41180","St. Louis, MO-IL","17163"
"1502","41180","St. Louis, MO-IL","29071"
"1503","41180","St. Louis, MO-IL","29099"
"1504","41180","St. Louis, MO-IL","29113"
"1505","41180","St. Louis, MO-IL","29183"
"1506","41180","St. Louis, MO-IL","29189"
"1507","41180","St. Louis, MO-IL","29219"
"1508","41180","St. Louis, MO-IL","29510"
"1509","41220","St. Marys, GA","13039"
"1510","41260","St. Marys, PA","42047"
"1511","41400","Salem, OH","39029"
"1512","41420","Salem, OR","41047"
"1513","41420","Salem, OR","41053"
"1514","41460","Salina, KS","20143"
"1515","41460","Salina, KS","20169"
"1516","41500","Salinas, CA","06053"
"1517","41540","Salisbury, MD-DE","10005"
"1518","41540","Salisbury, MD-DE","24039"
"1519","41540","Salisbury, MD-DE","24045"
"1520","41540","Salisbury, MD-DE","24047"
"1521","41620","Salt Lake City, UT","49035"
"1522","41620","Salt Lake City, UT","49045"
"1523","41660","San Angelo, TX","48235"
"1524","41660","San Angelo, TX","48431"
"1525","41660","San Angelo, TX","48451"
"1526","41700","San Antonio-New Braunfels, TX","48013"
"1527","41700","San Antonio-New Braunfels, TX","48019"
"1528","41700","San Antonio-New Braunfels, TX","48029"
"1529","41700","San Antonio-New Braunfels, TX","48091"
"1530","41700","San Antonio-New Braunfels, TX","48187"
"1531","41700","San Antonio-New Braunfels, TX","48259"
"1532","41700","San Antonio-New Braunfels, TX","48325"
"1533","41700","San Antonio-New Braunfels, TX","48493"
"1534","41740","San Diego-Chula Vista-Carlsbad, CA","06073"
"1535","41760","Sandpoint, ID","16017"
"1536","41780","Sandusky, OH","39043"
"1537","41820","Sanford, NC","37105"
"1538","41860","San Francisco-Oakland-Berkeley, CA","06001"
"1539","41860","San Francisco-Oakland-Berkeley, CA","06013"
"1540","41860","San Francisco-Oakland-Berkeley, CA","06075"
"1541","41860","San Francisco-Oakland-Berkeley, CA","06081"
"1542","41860","San Francisco-Oakland-Berkeley, CA","06041"
"1543","41900","San Germán, PR","72023"
"1544","41900","San Germán, PR","72079"
"1545","41900","San Germán, PR","72121"
"1546","41900","San Germán, PR","72125"
"1547","41940","San Jose-Sunnyvale-Santa Clara, CA","06069"
"1548","41940","San Jose-Sunnyvale-Santa Clara, CA","06085"
"1549","41980","San Juan-Bayamón-Caguas, PR","72007"
"1550","41980","San Juan-Bayamón-Caguas, PR","72009"
"1551","41980","San Juan-Bayamón-Caguas, PR","72017"
"1552","41980","San Juan-Bayamón-Caguas, PR","72019"
"1553","41980","San Juan-Bayamón-Caguas, PR","72021"
"1554","41980","San Juan-Bayamón-Caguas, PR","72025"
"1555","41980","San Juan-Bayamón-Caguas, PR","72029"
"1556","41980","San Juan-Bayamón-Caguas, PR","72031"
"1557","41980","San Juan-Bayamón-Caguas, PR","72033"
"1558","41980","San Juan-Bayamón-Caguas, PR","72035"
"1559","41980","San Juan-Bayamón-Caguas, PR","72037"
"1560","41980","San Juan-Bayamón-Caguas, PR","72039"
"1561","41980","San Juan-Bayamón-Caguas, PR","72041"
"1562","41980","San Juan-Bayamón-Caguas, PR","72045"
"1563","41980","San Juan-Bayamón-Caguas, PR","72047"
"1564","41980","San Juan-Bayamón-Caguas, PR","72051"
"1565","41980","San Juan-Bayamón-Caguas, PR","72053"
"1566","41980","San Juan-Bayamón-Caguas, PR","72054"
"1567","41980","San Juan-Bayamón-Caguas, PR","72061"
"1568","41980","San Juan-Bayamón-Caguas, PR","72063"
"1569","41980","San Juan-Bayamón-Caguas, PR","72069"
"1570","41980","San Juan-Bayamón-Caguas, PR","72077"
"1571","41980","San Juan-Bayamón-Caguas, PR","72085"
"1572","41980","San Juan-Bayamón-Caguas, PR","72087"
"1573","41980","San Juan-Bayamón-Caguas, PR","72089"
"1574","41980","San Juan-Bayamón-Caguas, PR","72091"
"1575","41980","San Juan-Bayamón-Caguas, PR","72095"
"1576","41980","San Juan-Bayamón-Caguas, PR","72101"
"1577","41980","San Juan-Bayamón-Caguas, PR","72103"
"1578","41980","San Juan-Bayamón-Caguas, PR","72105"
"1579","41980","San Juan-Bayamón-Caguas, PR","72107"
"1580","41980","San Juan-Bayamón-Caguas, PR","72119"
"1581","41980","San Juan-Bayamón-Caguas, PR","72127"
"1582","41980","San Juan-Bayamón-Caguas, PR","72129"
"1583","41980","San Juan-Bayamón-Caguas, PR","72135"
"1584","41980","San Juan-Bayamón-Caguas, PR","72137"
"1585","41980","San Juan-Bayamón-Caguas, PR","72139"
"1586","41980","San Juan-Bayamón-Caguas, PR","72143"
"1587","41980","San Juan-Bayamón-Caguas, PR","72145"
"1588","41980","San Juan-Bayamón-Caguas, PR","72151"
"1589","42020","San Luis Obispo-Paso Robles, CA","06079"
"1590","42100","Santa Cruz-Watsonville, CA","06087"
"1591","42140","Santa Fe, NM","35049"
"1592","42180","Santa Isabel, PR","72133"
"1593","42200","Santa Maria-Santa Barbara, CA","06083"
"1594","42220","Santa Rosa-Petaluma, CA","06097"
"1595","42300","Sault Ste. Marie, MI","26033"
"1596","42340","Savannah, GA","13029"
"1597","42340","Savannah, GA","13051"
"1598","42340","Savannah, GA","13103"
"1599","42380","Sayre, PA","42015"
"1600","42420","Scottsbluff, NE","31007"
"1601","42420","Scottsbluff, NE","31157"
"1602","42420","Scottsbluff, NE","31165"
"1603","42460","Scottsboro, AL","01071"
"1604","42500","Scottsburg, IN","18143"
"1605","42540","Scranton--Wilkes-Barre, PA","42069"
"1606","42540","Scranton--Wilkes-Barre, PA","42079"
"1607","42540","Scranton--Wilkes-Barre, PA","42131"
"1608","42620","Searcy, AR","05145"
"1609","42660","Seattle-Tacoma-Bellevue, WA","53033"
"1610","42660","Seattle-Tacoma-Bellevue, WA","53061"
"1611","42660","Seattle-Tacoma-Bellevue, WA","53053"
"1612","42680","Sebastian-Vero Beach, FL","12061"
"1613","42700","Sebring-Avon Park, FL","12055"
"1614","42740","Sedalia, MO","29159"
"1615","42780","Selinsgrove, PA","42109"
"1616","42820","Selma, AL","01047"
"1617","42860","Seneca, SC","45073"
"1618","42900","Seneca Falls, NY","36099"
"1619","42940","Sevierville, TN","47155"
"1620","42980","Seymour, IN","18071"
"1621","43020","Shawano, WI","55078"
"1622","43020","Shawano, WI","55115"
"1623","43060","Shawnee, OK","40125"
"1624","43100","Sheboygan, WI","55117"
"1625","43140","Shelby, NC","37045"
"1626","43180","Shelbyville, TN","47003"
"1627","43220","Shelton, WA","53045"
"1628","43260","Sheridan, WY","56033"
"1629","43300","Sherman-Denison, TX","48181"
"1630","43320","Show Low, AZ","04017"
"1631","43340","Shreveport-Bossier City, LA","22015"
"1632","43340","Shreveport-Bossier City, LA","22017"
"1633","43340","Shreveport-Bossier City, LA","22031"
"1634","43380","Sidney, OH","39149"
"1635","43420","Sierra Vista-Douglas, AZ","04003"
"1636","43460","Sikeston, MO","29201"
"1637","43500","Silver City, NM","35017"
"1638","43580","Sioux City, IA-NE-SD","19193"
"1639","43580","Sioux City, IA-NE-SD","31043"
"1640","43580","Sioux City, IA-NE-SD","31051"
"1641","43580","Sioux City, IA-NE-SD","46127"
"1642","43620","Sioux Falls, SD","46083"
"1643","43620","Sioux Falls, SD","46087"
"1644","43620","Sioux Falls, SD","46099"
"1645","43620","Sioux Falls, SD","46125"
"1646","43660","Snyder, TX","48415"
"1647","43700","Somerset, KY","21199"
"1648","43740","Somerset, PA","42111"
"1649","43760","Sonora, CA","06109"
"1650","43780","South Bend-Mishawaka, IN-MI","18141"
"1651","43780","South Bend-Mishawaka, IN-MI","26027"
"1652","43900","Spartanburg, SC","45083"
"1653","43940","Spearfish, SD","46081"
"1654","43980","Spencer, IA","19041"
"1655","44020","Spirit Lake, IA","19059"
"1656","44060","Spokane-Spokane Valley, WA","53063"
"1657","44060","Spokane-Spokane Valley, WA","53065"
"1658","44100","Springfield, IL","17129"
"1659","44100","Springfield, IL","17167"
"1660","44140","Springfield, MA","25011"
"1661","44140","Springfield, MA","25013"
"1662","44140","Springfield, MA","25015"
"1663","44180","Springfield, MO","29043"
"1664","44180","Springfield, MO","29059"
"1665","44180","Springfield, MO","29077"
"1666","44180","Springfield, MO","29167"
"1667","44180","Springfield, MO","29225"
"1668","44220","Springfield, OH","39023"
"1669","44260","Starkville, MS","28105"
"1670","44260","Starkville, MS","28155"
"1671","44300","State College, PA","42027"
"1672","44340","Statesboro, GA","13031"
"1673","44420","Staunton, VA","51015"
"1674","44420","Staunton, VA","51790"
"1675","44420","Staunton, VA","51820"
"1676","44460","Steamboat Springs, CO","08107"
"1677","44500","Stephenville, TX","48143"
"1678","44540","Sterling, CO","08075"
"1679","44580","Sterling, IL","17195"
"1680","44620","Stevens Point, WI","55097"
"1681","44660","Stillwater, OK","40119"
"1682","44700","Stockton, CA","06077"
"1683","44740","Storm Lake, IA","19021"
"1684","44780","Sturgis, MI","26149"
"1685","44860","Sulphur Springs, TX","48223"
"1686","44900","Summerville, GA","13055"
"1687","44940","Sumter, SC","45027"
"1688","44940","Sumter, SC","45085"
"1689","44980","Sunbury, PA","42097"
"1690","45000","Susanville, CA","06035"
"1691","45020","Sweetwater, TX","48353"
"1692","45060","Syracuse, NY","36053"
"1693","45060","Syracuse, NY","36067"
"1694","45060","Syracuse, NY","36075"
"1695","45140","Tahlequah, OK","40021"
"1696","45180","Talladega-Sylacauga, AL","01121"
"1697","45220","Tallahassee, FL","12039"
"1698","45220","Tallahassee, FL","12065"
"1699","45220","Tallahassee, FL","12073"
"1700","45220","Tallahassee, FL","12129"
"1701","45300","Tampa-St. Petersburg-Clearwater, FL","12053"
"1702","45300","Tampa-St. Petersburg-Clearwater, FL","12057"
"1703","45300","Tampa-St. Petersburg-Clearwater, FL","12101"
"1704","45300","Tampa-St. Petersburg-Clearwater, FL","12103"
"1705","45340","Taos, NM","35055"
"1706","45380","Taylorville, IL","17021"
"1707","45460","Terre Haute, IN","18021"
"1708","45460","Terre Haute, IN","18121"
"1709","45460","Terre Haute, IN","18153"
"1710","45460","Terre Haute, IN","18165"
"1711","45460","Terre Haute, IN","18167"
"1712","45500","Texarkana, TX-AR","05081"
"1713","45500","Texarkana, TX-AR","05091"
"1714","45500","Texarkana, TX-AR","48037"
"1715","45520","The Dalles, OR","41065"
"1716","45540","The Villages, FL","12119"
"1717","45580","Thomaston, GA","13293"
"1718","45620","Thomasville, GA","13275"
"1719","45660","Tiffin, OH","39147"
"1720","45700","Tifton, GA","13277"
"1721","45740","Toccoa, GA","13257"
"1722","45780","Toledo, OH","39051"
"1723","45780","Toledo, OH","39095"
"1724","45780","Toledo, OH","39123"
"1725","45780","Toledo, OH","39173"
"1726","45820","Topeka, KS","20085"
"1727","45820","Topeka, KS","20087"
"1728","45820","Topeka, KS","20139"
"1729","45820","Topeka, KS","20177"
"1730","45820","Topeka, KS","20197"
"1731","45860","Torrington, CT","09005"
"1732","45900","Traverse City, MI","26019"
"1733","45900","Traverse City, MI","26055"
"1734","45900","Traverse City, MI","26079"
"1735","45900","Traverse City, MI","26089"
"1736","45940","Trenton-Princeton, NJ","34021"
"1737","45980","Troy, AL","01109"
"1738","46020","Truckee-Grass Valley, CA","06057"
"1739","46060","Tucson, AZ","04019"
"1740","46100","Tullahoma-Manchester, TN","47031"
"1741","46100","Tullahoma-Manchester, TN","47051"
"1742","46100","Tullahoma-Manchester, TN","47127"
"1743","46140","Tulsa, OK","40037"
"1744","46140","Tulsa, OK","40111"
"1745","46140","Tulsa, OK","40113"
"1746","46140","Tulsa, OK","40117"
"1747","46140","Tulsa, OK","40131"
"1748","46140","Tulsa, OK","40143"
"1749","46140","Tulsa, OK","40145"
"1750","46180","Tupelo, MS","28057"
"1751","46180","Tupelo, MS","28081"
"1752","46180","Tupelo, MS","28115"
"1753","46180","Tupelo, MS","28117"
"1754","46220","Tuscaloosa, AL","01063"
"1755","46220","Tuscaloosa, AL","01065"
"1756","46220","Tuscaloosa, AL","01107"
"1757","46220","Tuscaloosa, AL","01125"
"1758","46300","Twin Falls, ID","16053"
"1759","46300","Twin Falls, ID","16083"
"1760","46340","Tyler, TX","48423"
"1761","46380","Ukiah, CA","06045"
"1762","46420","Union, SC","45087"
"1763","46460","Union City, TN","47131"
"1764","46500","Urbana, OH","39021"
"1765","46520","Urban Honolulu, HI","15003"
"1766","46540","Utica-Rome, NY","36043"
"1767","46540","Utica-Rome, NY","36065"
"1768","46620","Uvalde, TX","48463"
"1769","46660","Valdosta, GA","13027"
"1770","46660","Valdosta, GA","13101"
"1771","46660","Valdosta, GA","13173"
"1772","46660","Valdosta, GA","13185"
"1773","46700","Vallejo, CA","06095"
"1774","46780","Van Wert, OH","39161"
"1775","46820","Vermillion, SD","46027"
"1776","46860","Vernal, UT","49047"
"1777","46900","Vernon, TX","48487"
"1778","46980","Vicksburg, MS","28149"
"1779","47020","Victoria, TX","48175"
"1780","47020","Victoria, TX","48469"
"1781","47080","Vidalia, GA","13209"
"1782","47080","Vidalia, GA","13279"
"1783","47180","Vincennes, IN","18083"
"1784","47220","Vineland-Bridgeton, NJ","34011"
"1785","47240","Vineyard Haven, MA","25007"
"1786","47260","Virginia Beach-Norfolk-Newport News, VA-NC","37029"
"1787","47260","Virginia Beach-Norfolk-Newport News, VA-NC","37053"
"1788","47260","Virginia Beach-Norfolk-Newport News, VA-NC","37073"
"1789","47260","Virginia Beach-Norfolk-Newport News, VA-NC","51073"
"1790","47260","Virginia Beach-Norfolk-Newport News, VA-NC","51093"
"1791","47260","Virginia Beach-Norfolk-Newport News, VA-NC","51095"
"1792","47260","Virginia Beach-Norfolk-Newport News, VA-NC","51115"
"1793","47260","Virginia Beach-Norfolk-Newport News, VA-NC","51175"
"1794","47260","Virginia Beach-Norfolk-Newport News, VA-NC","51199"
"1795","47260","Virginia Beach-Norfolk-Newport News, VA-NC","51550"
"1796","47260","Virginia Beach-Norfolk-Newport News, VA-NC","51620"
"1797","47260","Virginia Beach-Norfolk-Newport News, VA-NC","51650"
"1798","47260","Virginia Beach-Norfolk-Newport News, VA-NC","51700"
"1799","47260","Virginia Beach-Norfolk-Newport News, VA-NC","51710"
"1800","47260","Virginia Beach-Norfolk-Newport News, VA-NC","51735"
"1801","47260","Virginia Beach-Norfolk-Newport News, VA-NC","51740"
"1802","47260","Virginia Beach-Norfolk-Newport News, VA-NC","51800"
"1803","47260","Virginia Beach-Norfolk-Newport News, VA-NC","51810"
"1804","47260","Virginia Beach-Norfolk-Newport News, VA-NC","51830"
"1805","47300","Visalia, CA","06107"
"1806","47340","Wabash, IN","18169"
"1807","47380","Waco, TX","48145"
"1808","47380","Waco, TX","48309"
"1809","47420","Wahpeton, ND-MN","27167"
"1810","47420","Wahpeton, ND-MN","38077"
"1811","47460","Walla Walla, WA","53071"
"1812","47540","Wapakoneta, OH","39011"
"1813","47580","Warner Robins, GA","13153"
"1814","47580","Warner Robins, GA","13225"
"1815","47620","Warren, PA","42123"
"1816","47660","Warrensburg, MO","29101"
"1817","47700","Warsaw, IN","18085"
"1818","47780","Washington, IN","18027"
"1819","47820","Washington, NC","37013"
"1820","47900","Washington-Arlington-Alexandria, DC-VA-MD-WV","24021"
"1821","47900","Washington-Arlington-Alexandria, DC-VA-MD-WV","24031"
"1822","47900","Washington-Arlington-Alexandria, DC-VA-MD-WV","11001"
"1823","47900","Washington-Arlington-Alexandria, DC-VA-MD-WV","24009"
"1824","47900","Washington-Arlington-Alexandria, DC-VA-MD-WV","24017"
"1825","47900","Washington-Arlington-Alexandria, DC-VA-MD-WV","24033"
"1826","47900","Washington-Arlington-Alexandria, DC-VA-MD-WV","51013"
"1827","47900","Washington-Arlington-Alexandria, DC-VA-MD-WV","51043"
"1828","47900","Washington-Arlington-Alexandria, DC-VA-MD-WV","51047"
"1829","47900","Washington-Arlington-Alexandria, DC-VA-MD-WV","51059"
"1830","47900","Washington-Arlington-Alexandria, DC-VA-MD-WV","51061"
"1831","47900","Washington-Arlington-Alexandria, DC-VA-MD-WV","51107"
"1832","47900","Washington-Arlington-Alexandria, DC-VA-MD-WV","51113"
"1833","47900","Washington-Arlington-Alexandria, DC-VA-MD-WV","51153"
"1834","47900","Washington-Arlington-Alexandria, DC-VA-MD-WV","51157"
"1835","47900","Washington-Arlington-Alexandria, DC-VA-MD-WV","51177"
"1836","47900","Washington-Arlington-Alexandria, DC-VA-MD-WV","51179"
"1837","47900","Washington-Arlington-Alexandria, DC-VA-MD-WV","51187"
"1838","47900","Washington-Arlington-Alexandria, DC-VA-MD-WV","51510"
"1839","47900","Washington-Arlington-Alexandria, DC-VA-MD-WV","51600"
"1840","47900","Washington-Arlington-Alexandria, DC-VA-MD-WV","51610"
"1841","47900","Washington-Arlington-Alexandria, DC-VA-MD-WV","51630"
"1842","47900","Washington-Arlington-Alexandria, DC-VA-MD-WV","51683"
"1843","47900","Washington-Arlington-Alexandria, DC-VA-MD-WV","51685"
"1844","47900","Washington-Arlington-Alexandria, DC-VA-MD-WV","54037"
"1845","47920","Washington Court House, OH","39047"
"1846","47940","Waterloo-Cedar Falls, IA","19013"
"1847","47940","Waterloo-Cedar Falls, IA","19017"
"1848","47940","Waterloo-Cedar Falls, IA","19075"
"1849","47980","Watertown, SD","46029"
"1850","47980","Watertown, SD","46057"
"1851","48020","Watertown-Fort Atkinson, WI","55055"
"1852","48060","Watertown-Fort Drum, NY","36045"
"1853","48100","Wauchula, FL","12049"
"1854","48140","Wausau-Weston, WI","55069"
"1855","48140","Wausau-Weston, WI","55073"
"1856","48180","Waycross, GA","13229"
"1857","48180","Waycross, GA","13299"
"1858","48220","Weatherford, OK","40039"
"1859","48260","Weirton-Steubenville, WV-OH","39081"
"1860","48260","Weirton-Steubenville, WV-OH","54009"
"1861","48260","Weirton-Steubenville, WV-OH","54029"
"1862","48300","Wenatchee, WA","53007"
"1863","48300","Wenatchee, WA","53017"
"1864","48460","West Plains, MO","29091"
"1865","48500","West Point, MS","28025"
"1866","48540","Wheeling, WV-OH","39013"
"1867","48540","Wheeling, WV-OH","54051"
"1868","48540","Wheeling, WV-OH","54069"
"1869","48580","Whitewater, WI","55127"
"1870","48620","Wichita, KS","20015"
"1871","48620","Wichita, KS","20079"
"1872","48620","Wichita, KS","20173"
"1873","48620","Wichita, KS","20191"
"1874","48660","Wichita Falls, TX","48009"
"1875","48660","Wichita Falls, TX","48077"
"1876","48660","Wichita Falls, TX","48485"
"1877","48700","Williamsport, PA","42081"
"1878","48780","Williston, ND","38105"
"1879","48820","Willmar, MN","27067"
"1880","48900","Wilmington, NC","37129"
"1881","48900","Wilmington, NC","37141"
"1882","48940","Wilmington, OH","39027"
"1883","48980","Wilson, NC","37195"
"1884","49020","Winchester, VA-WV","51069"
"1885","49020","Winchester, VA-WV","51840"
"1886","49020","Winchester, VA-WV","54027"
"1887","49060","Winfield, KS","20035"
"1888","49080","Winnemucca, NV","32013"
"1889","49100","Winona, MN","27169"
"1890","49180","Winston-Salem, NC","37057"
"1891","49180","Winston-Salem, NC","37059"
"1892","49180","Winston-Salem, NC","37067"
"1893","49180","Winston-Salem, NC","37169"
"1894","49180","Winston-Salem, NC","37197"
"1895","49220","Wisconsin Rapids-Marshfield, WI","55141"
"1896","49260","Woodward, OK","40045"
"1897","49260","Woodward, OK","40153"
"1898","49300","Wooster, OH","39169"
"1899","49340","Worcester, MA-CT","09015"
"1900","49340","Worcester, MA-CT","25027"
"1901","49380","Worthington, MN","27105"
"1902","49420","Yakima, WA","53077"
"1903","49460","Yankton, SD","46135"
"1904","49500","Yauco, PR","72055"
"1905","49500","Yauco, PR","72059"
"1906","49500","Yauco, PR","72111"
"1907","49500","Yauco, PR","72153"
"1908","49620","York-Hanover, PA","42133"
"1909","49660","Youngstown-Warren-Boardman, OH-PA","39099"
"1910","49660","Youngstown-Warren-Boardman, OH-PA","39155"
"1911","49660","Youngstown-Warren-Boardman, OH-PA","42085"
"1912","49700","Yuba City, CA","06101"
"1913","49700","Yuba City, CA","06115"
"1914","49740","Yuma, AZ","04027"
"1915","49780","Zanesville, OH","39119"
"1916","49820","Zapata, TX","48505"
"1917",NA,NA,"NANA"
"1918","Note: The 2010 OMB Standards for Delineating Metropolitan and Micropolitan Statistical Areas are at <https://www.gpo.gov/fdsys/pkg/FR-2010-06-28/pdf/2010-15605.pdf> and <https://www.gpo.gov/fdsys/pkg/FR-2010-07-07/pdf/2010-16368.pdf>.",NA,"NANA"
"1919","Source: File prepared by U.S. Census Bureau, Population Division, based on Office of Management and Budget, March 2020 delineations <https://www.whitehouse.gov/wp-content/uploads/2020/03/Bulletin-20-01.pdf>.",NA,"NANA"
"1920","Internet Release Date: April 2020",NA,"NANA"
